close,high,low,open,timestamp,volume
46241.12,46252.41,46230,46230,1640995200,1.15094986
46278.36,46278.36,46199.9,46218.47,1640995260,0.19364022
46370.36,46370.36,46276.28,46310.02,1640995320,0.54555085
46342.63,46386.33,46319.86,46359.84,1640995380,0.09825215
46289.56,46326.81,46289.56,46326.81,1640995440,4.15994972
46431.25,46431.25,46303.04,46305.36,1640995500,2.55650074
46488.57,46488.57,46426.25,46467.68,1640995560,3.21005931
46425.24,46500,46419.41,46500,1640995620,1.39658631
46381.67,46421.08,46381.67,46421.08,1640995680,0.01662000
46363.53,46363.53,46344.58,46344.58,1640995740,0.19147000
46376.22,46376.22,46360.43,46360.43,1640995800,1.02455219
46291.3,46368.18,46291.3,46368.18,1640995860,0.49363577
46289.47,46289.55,46269.76,46280.42,1640995920,0.28142119
46321.54,46325.53,46281.41,46281.55,1640995980,0.37897207
46315.73,46334.26,46313.58,46334.26,1640996040,0.05701990
46290.02,46312.22,46290.02,46312.22,1640996100,0.00275000
46318.86,46318.86,46315.6,46318.42,1640996160,0.26559842
46271.33,46298.76,46261.66,46298.76,1640996220,0.09686091
46267.91,46267.91,46249.87,46251.85,1640996280,0.05198542
46275.78,46275.78,46216.5,46271.18,1640996340,0.53254906
46311.15,46311.15,46282.76,46282.76,1640996400,0.01329876
46343.62,46343.62,46280.75,46295.97,1640996460,0.14293497
46393.02,46393.02,46365.15,46376.25,1640996520,0.07205000
46360.63,46393.04,46354.34,46393.04,1640996580,0.30725421
46391.45,46391.45,46369.31,46369.31,1640996640,0.02412131
46374.44,46383.69,46373.35,46373.35,1640996700,0.05699355
46361.19,46382.25,46361.19,46378.89,1640996760,1.07993585
46338.73,46359.95,46338.73,46359.95,1640996820,0.06582160
46368.19,46368.19,46353.56,46353.56,1640996880,0.00251000
46346.26,46346.26,46346.26,46346.26,1640996940,0.01727000
46356.62,46356.62,46346.78,46346.78,1640997000,0.00352413
46363.48,46364.94,46356.62,46356.62,1640997060,0.03821000
46364.77,46364.77,46364.44,46364.44,1640997120,0.06052000
46367.97,46367.97,46361.09,46361.09,1640997180,0.50116000
46440.65,46440.65,46376.31,46376.31,1640997240,0.06917205
46466.08,46466.08,46448.54,46448.54,1640997300,0.00415000
46500,46500,46476.49,46476.49,1640997360,0.00948941
46476.72,46491.74,46470,46491.74,1640997420,0.16221305
46494.23,46500,46483.32,46500,1640997480,0.05992104
46514.19,46570.26,46490.49,46494.23,1640997540,1.58180325
46555.19,46555.19,46482.53,46511.93,1640997600,2.11019496
46632.39,46637.92,46546.25,46546.25,1640997660,8.84192702
46636.74,46670.49,46624.9,46635.22,1640997720,3.30036195
46646.84,46646.84,46639.42,46639.42,1640997780,0.01304000
46602.28,46639.25,46602.28,46639.25,1640997840,0.21837338
46600.21,46610.15,46567.54,46610.15,1640997900,0.04593440
46643.11,46643.11,46618.96,46618.96,1640997960,0.21793000
46659.08,46659.08,46622.12,46622.12,1640998020,0.04653087
46714.08,46737.06,46659.08,46659.08,1640998080,3.60115473
46699.86,46727.66,46691.18,46727.66,1640998140,0.14891000
46702.02,46702.02,46687.14,46692.73,1640998200,0.02673105
46679.48,46704.06,46679.48,46704.06,1640998260,0.03606441
46654.85,46675.01,46628.5,46664.27,1640998320,0.54669908
46650.78,46667.3,46648.02,46648.02,1640998380,0.10250258
46666.82,46703.68,46639.37,46639.37,1640998440,0.26450727
46661.23,46667.45,46650.73,46667.45,1640998500,0.01678000
46685.64,46698.98,46655.23,46665.02,1640998560,3.14394482
46678.3,46692.36,46661.86,46662.35,1640998620,0.11979000
46667.01,46667.01,46667.01,46667.01,1640998680,0.01900000
46650.66,46676.13,46632.41,46676.13,1640998740,0.12513000
46637.16,46666.66,46634.72,46656.08,1640998800,0.73312773
46611.53,46653.51,46611.53,46651.19,1640998860,0.60988000
46611.25,46625.02,46592.52,46625.02,1640998920,0.02445000
46585.75,46620.72,46585.75,46616.06,1640998980,0.10054990
46580.9,46591.54,46560.83,46570.71,1640999040,4.27861941
46567.26,46591.83,46566.41,46569.1,1640999100,0.01661186
46627.27,46627.27,46577.61,46582.19,1640999160,0.21466000
46617.02,46623.12,46613.26,46622.09,1640999220,0.14143828
46669.13,46669.13,46638.84,46638.84,1640999280,0.26544785
46664.19,46677.43,46663.46,46663.46,1640999340,0.00366000
46713.09,46727.65,46676.83,46676.83,1640999400,0.45027912
46721.25,46732.31,46694.15,46697.18,1640999460,4.30075874
46730.5,46761.95,46716.86,46721.25,1640999520,0.13170259
46722.13,46740.22,46718.54,46718.54,1640999580,0.54126029
46763.67,46763.67,46738.36,46741.73,1640999640,0.11258951
46768.17,46768.17,46752.82,46763.67,1640999700,3.50103226
46824.29,46824.29,46768.17,46768.17,1640999760,1.56792023
46862.48,46879,46819.56,46824.29,1640999820,3.16881671
46861.78,46861.78,46829.38,46854.6,1640999880,0.11602800
46875.17,46880.48,46849.82,46870,1640999940,3.36643063
46896.17,46921.3,46878.55,46880.48,1641000000,1.62947961
46854.4,46907.82,46854.4,46907.82,1641000060,0.14429611
46811.28,46863.29,46811.28,46863.29,1641000120,0.31111481
46859.39,46876.87,46828.65,46828.65,1641000180,0.35316698
46853.65,46853.65,46793.38,46847.7,1641000240,0.12226773
46821.83,46857.14,46821.83,46857.14,1641000300,0.01989273
46788.96,46801.78,46776.25,46797.62,1641000360,0.00993192
46798.44,46849.09,46798.44,46806.82,1641000420,2.26299562
46783.71,46801.72,46783.71,46801.72,1641000480,0.00805844
46803.08,46806.71,46799.39,46799.39,1641000540,0.02856000
46820.33,46831.59,46801.23,46803.11,1641000600,0.14518307
46813.54,46831.97,46813.54,46831.97,1641000660,0.02004000
46842.62,46842.62,46810.39,46810.39,1641000720,0.02766000
46847.09,46861.98,46847.09,46861.98,1641000780,0.00525000
46850.41,46850.41,46831,46841.74,1641000840,1.04678203
46849.77,46861.23,46836.55,46849.3,1641000900,0.01194247
46871.05,46885.17,46852.03,46852.03,1641000960,0.08224465
46843.92,46871.05,46843.92,46871.05,1641001020,0.17426456
46797.09,46833.82,46796.53,46833.5,1641001080,3.72345819
46790.33,46793.96,46749.35,46786.32,1641001140,0.43632364
46781.08,46781.08,46758.88,46775.68,1641001200,0.01511540
46736.83,46792.65,46736.83,46792.65,1641001260,0.02161000
46745.36,46779.06,46745.36,46762.2,1641001320,1.34443171
46774.11,46774.11,46774.02,46774.02,1641001380,0.00647000
46791.5,46791.5,46771.77,46772.65,1641001440,0.01751000
46778.49,46778.75,46759.26,46778.75,1641001500,0.09391156
46750.79,46776.51,46736.11,46776.51,1641001560,0.04302000
46735.76,46754.25,46728.83,46740.43,1641001620,0.20735096
46764.15,46764.15,46732.83,46742.84,1641001680,0.09966000
46779.23,46784.29,46748.49,46748.49,1641001740,0.04099789
46780.3,46787.75,46777.45,46783.46,1641001800,0.02232536
46835.48,46835.48,46794.48,46797.32,1641001860,0.25084753
46807.97,46869.69,46783.34,46861.36,1641001920,0.21662345
46792.83,46820.97,46774.7,46807.97,1641001980,1.04550000
46801.92,46829.56,46777.88,46777.88,1641002040,0.13406096
46797.5,46827.13,46777.04,46810.59,1641002100,0.13573042
46789.96,46789.96,46779.36,46781.26,1641002160,0.01600000
46769.93,46806.68,46769.93,46785.74,1641002220,1.33621262
46786.97,46807.01,46753.81,46776.36,1641002280,0.15309571
46773.08,46810.05,46768.84,46786.97,1641002340,0.43877850
46805.11,46817.85,46768.85,46768.85,1641002400,0.06027001
46785.09,46804.44,46769.06,46798.54,1641002460,0.29499472
46814.84,46815.81,46811.12,46811.12,1641002520,0.01054000
46833.5,46833.67,46816.39,46816.39,1641002580,0.07284030
46821.85,46821.85,46821.85,46821.85,1641002640,0.01132500
46818.21,46827.03,46818.21,46827.03,1641002700,0.09757000
46828.77,46838.9,46807.85,46813.91,1641002760,0.08677254
46841.54,46866.93,46828.77,46828.77,1641002820,0.06514234
46858.51,46861.19,46835.59,46840.82,1641002880,2.45042971
46839.56,46845.98,46818.08,46845.2,1641002940,0.23577372
46822.15,46822.15,46801.46,46801.46,1641003000,0.01931400
46837.84,46842.09,46817.94,46833.9,1641003060,0.30204702
46844.03,46858.3,46822.8,46842.45,1641003120,0.73838483
46843.43,46867.78,46835.63,46842.33,1641003180,1.53383848
46842.04,46861.32,46830.98,46861.32,1641003240,0.01484000
46887.73,46928.9,46847.55,46854.7,1641003300,0.21285822
46889.23,46903.42,46882.82,46892.64,1641003360,0.02242543
46890.71,46918.86,46890.71,46898.44,1641003420,0.23507000
46886.38,46911.74,46886.38,46902.19,1641003480,1.71971000
46907.87,46927.99,46907.87,46916.88,1641003540,0.03142985
46904.81,46923.24,46904.81,46915.68,1641003600,0.18468000
46896.88,46917.07,46883.69,46904.81,1641003660,0.17865883
46868.2,46897.42,46846.78,46897.42,1641003720,0.02936217
46875.52,46882.02,46854.59,46877.34,1641003780,0.02646000
46845.39,46887.83,46845.39,46861.2,1641003840,0.27737000
46828.47,46856.78,46824.75,46831.99,1641003900,2.17527261
46851.1,46857.54,46851.1,46857.54,1641003960,0.03611113
46850.3,46861.69,46835.93,46851.59,1641004020,3.08557890
46867.61,46874.15,46853.95,46863.67,1641004080,1.89232518
46828.37,46867.61,46828.37,46867.61,1641004140,2.35400000
46812.97,46834.88,46812.58,46819.92,1641004200,0.01549000
46791.42,46832.09,46786.56,46813.22,1641004260,4.40514365
46781.18,46823.08,46776.5,46796.3,1641004320,0.12550000
46792.99,46817.2,46777.8,46781.18,1641004380,0.04041000
46771.29,46786.56,46771.29,46781.39,1641004440,1.05697000
46787.08,46800.78,46775.98,46800.78,1641004500,0.53244000
46759.87,46800.78,46728.67,46800.78,1641004560,0.74256438
46725.67,46764.55,46719.22,46760.3,1641004620,0.07464770
46734.46,46747.05,46725.67,46736.42,1641004680,0.21842000
46741.51,46764.73,46734.46,46734.46,1641004740,2.02238000
46753.27,46770.7,46741.54,46744.39,1641004800,0.90171000
46770.88,46795.93,46770.88,46785.45,1641004860,0.51243000
46766.63,46791.27,46766.25,46776.42,1641004920,0.80148000
46809.56,46815.35,46801.15,46801.15,1641004980,3.20974009
46776.31,46793.73,46776.31,46793.18,1641005040,0.03907000
46791,46791,46791,46791,1641005100,0.50000000
46796.1,46797.54,46789.65,46789.65,1641005160,0.25928177
46812.75,46840.19,46807.54,46813,1641005220,1.55920561
46820.67,46826.08,46799.69,46816.74,1641005280,0.51180451
46805.21,46813.68,46805.21,46813.68,1641005340,0.11537000
46768.86,46808.23,46764.14,46808.23,1641005400,0.01404000
46812.76,46812.76,46793.85,46793.85,1641005460,0.02300000
46823.76,46833.87,46813.66,46828.03,1641005520,0.14135147
46818.89,46832.17,46802.56,46814.15,1641005580,0.07721000
46829.45,46833.87,46818.89,46818.89,1641005640,0.04212000
46852.95,46852.95,46833.87,46833.87,1641005700,0.08473000
46850.85,46850.85,46834.56,46834.56,1641005760,0.01198823
46779.9,46842.72,46779.9,46842.72,1641005820,0.07910329
46812.59,46812.59,46774.13,46774.13,1641005880,3.45921290
46808.1,46814,46804.07,46804.07,1641005940,0.06278700
46823.52,46823.52,46800.72,46818.05,1641006000,0.27346708
46813.11,46825.7,46807.94,46825.7,1641006060,0.05144905
46789.35,46812.66,46789.35,46812.61,1641006120,0.19069000
46777.86,46777.86,46768.8,46771.9,1641006180,0.10847807
46776.8,46776.8,46776.8,46776.8,1641006240,0.00050000
46795.64,46795.64,46795.64,46795.64,1641006300,0.01080000
46801.83,46801.83,46789.44,46789.44,1641006360,0.00934978
46804.85,46813.53,46801.83,46801.83,1641006420,0.04840646
46813.13,46813.13,46804.85,46804.85,1641006480,0.00973000
46813.53,46813.53,46813.53,46813.53,1641006540,0.02519000
46835.07,46853.32,46825.23,46825.23,1641006600,0.25379840
46825.35,46842.72,46825.35,46842.72,1641006660,0.01398200
46825.04,46825.04,46809.42,46811.85,1641006720,0.01348000
46826.2,46830.45,46814.25,46830.45,1641006780,0.22600000
46816.09,46838.8,46816.09,46816.43,1641006840,1.11924275
46811.32,46811.32,46811.32,46811.32,1641006900,0.02600000
46894.35,46894.35,46851.1,46851.1,1641006960,0.64282088
46881.41,46894.43,46881.41,46892.67,1641007020,0.20836739
46881.4,46893.02,46874.79,46881.4,1641007080,0.30783595
46901.38,46901.38,46894.43,46894.43,1641007140,0.00636000
46877.2,46883.94,46877.2,46883.94,1641007200,0.00092558
46866.57,46868.3,46866.57,46868.3,1641007260,0.00671000
46846.97,46869.88,46846.97,46869.88,1641007320,0.00551000
46838.39,46845.45,46830.11,46845.45,1641007380,0.29945154
46806.49,46809.86,46783.78,46809.86,1641007440,0.26390219
46810.47,46810.47,46805.74,46805.74,1641007500,0.02875000
46804.72,46812.3,46804.72,46812.3,1641007560,0.00585000
46807.97,46807.97,46807.97,46807.97,1641007620,0.00125000
46838.42,46838.42,46830.53,46830.53,1641007680,0.00246000
46819.19,46850.74,46819.01,46846.7,1641007740,1.80262493
46851.68,46851.68,46824.45,46824.45,1641007800,0.00418000
46824.87,46825.62,46823.04,46825.62,1641007860,0.00805000
46811.53,46811.53,46809.37,46809.37,1641007920,0.00236000
46869.88,46869.88,46811.1,46811.1,1641007980,0.22068000
46861.15,46861.15,46857.16,46857.16,1641008040,0.00252000
46859.9,46859.9,46839.45,46839.96,1641008100,0.00881761
46859.9,46859.9,46859.9,46859.9,1641008160,0.00000000
46859.85,46859.85,46859.85,46859.85,1641008220,0.01518000
46841.83,46855.85,46840.41,46847.23,1641008280,0.10004000
46856.06,46859.88,46841.83,46841.83,1641008340,0.12381000
46851.23,46851.23,46844.9,46844.9,1641008400,0.07446000
46867.37,46868.1,46853.96,46853.96,1641008460,0.49563671
46876.08,46885.17,46876.08,46880.43,1641008520,0.02944555
46895.9,46895.9,46867.69,46867.69,1641008580,0.27421155
46880.95,46904.54,46877.31,46904.54,1641008640,2.09353369
46879.23,46892.55,46877.82,46892.55,1641008700,0.08284000
46900.5,46900.5,46895.65,46895.65,1641008760,0.00436000
46873.74,46893.33,46873,46893.33,1641008820,1.01055542
46874.75,46874.75,46858.77,46858.77,1641008880,0.03454000
46835.55,46869.9,46835.28,46868.02,1641008940,1.13312473
46835.55,46835.55,46835.55,46835.55,1641009000,0.00000000
46818.39,46818.39,46816.94,46816.94,1641009060,0.00251000
46806,46824.09,46806,46824.09,1641009120,1.00411000
46860.27,46860.27,46835.3,46835.3,1641009180,0.00183000
46874.18,46875.43,46853.29,46857.95,1641009240,0.27119247
46864.54,46872.11,46852.98,46853,1641009300,1.11760265
46849.29,46863.77,46849.29,46863.77,1641009360,0.00247000
46818.58,46845,46818.58,46845,1641009420,1.15551695
46818.58,46818.58,46818.58,46818.58,1641009480,0.00000000
46814.16,46814.16,46806.22,46806.22,1641009540,0.05755000
46840.03,46840.03,46814.16,46814.16,1641009600,1.39488301
46852.55,46852.55,46842.76,46842.76,1641009660,0.04575822
46847.81,46851.54,46847.81,46850.65,1641009720,0.26264887
46850.15,46850.15,46843.06,46843.06,1641009780,0.03295000
46852.55,46852.55,46850.15,46850.15,1641009840,0.00667000
46875.43,46875.43,46875.43,46875.43,1641009900,0.00860985
46834,46877.85,46834,46877.85,1641009960,2.03146576
46858.66,46858.66,46848.99,46853.28,1641010020,0.01068864
46852.25,46866.89,46841,46866.89,1641010080,1.04906000
46839.06,46857.57,46839.06,46852.25,1641010140,0.05122869
46844.41,46844.55,46825.46,46844,1641010200,0.04933118
46844.41,46844.41,46844.41,46844.41,1641010260,0.00000000
46800.8,46835.05,46800.8,46835.05,1641010320,2.02210520
46774.63,46825.31,46774.63,46801.65,1641010380,0.24340468
46642.47,46754.48,46642.47,46754.48,1641010440,2.83835348
46667.41,46694.5,46562.27,46634.56,1641010500,54.55344882
46672.39,46700,46636.44,46695.9,1641010560,1.33688318
46656.6,46681.4,46650.03,46672.36,1641010620,0.61222580
46632.79,46646.51,46632.79,46646.51,1641010680,0.17692000
46632.8,46632.8,46632.8,46632.8,1641010740,0.00071000
46661.57,46661.57,46629.98,46629.98,1641010800,1.11487452
46643.02,46679.2,46643.02,46673.2,1641010860,3.12782324
46685.69,46690.9,46650.31,46650.31,1641010920,2.75363708
46666,46685.69,46651.79,46685.69,1641010980,0.29549869
46643.21,46668.35,46643.21,46664.74,1641011040,0.72867596
46670.43,46682.69,46670.43,46682.69,1641011100,0.15547827
46701.89,46701.89,46685.37,46685.37,1641011160,0.12148312
46690.9,46701.44,46688.13,46701.44,1641011220,1.22836592
46717.41,46717.41,46706.5,46711.49,1641011280,0.01579396
46707.81,46710.7,46707.81,46710.7,1641011340,0.01550000
46682.45,46707.73,46680.07,46701.44,1641011400,0.97730804
46668.7,46670.51,46668.7,46670.51,1641011460,0.30634358
46670.85,46685.5,46654.96,46677.12,1641011520,0.12945064
46685.5,46685.5,46685.5,46685.5,1641011580,0.01197000
46668.7,46685.5,46668.7,46685.5,1641011640,0.09436398
46647.48,46661.79,46635.9,46652.2,1641011700,0.01735787
46658.4,46659.88,46644.23,46651.31,1641011760,0.22498000
46658.4,46658.4,46658.4,46658.4,1641011820,0.00000000
46661.08,46666.47,46661.08,46661.81,1641011880,0.09202337
46698.28,46698.28,46673.5,46673.5,1641011940,0.26016467
46704.24,46704.24,46668.35,46675.65,1641012000,0.23507535
46730.82,46730.82,46696.56,46702.12,1641012060,0.19844608
46744.6,46744.6,46744.6,46744.6,1641012120,0.00091000
46745.05,46745.05,46728.98,46729.83,1641012180,0.24563929
46720.9,46744.23,46720.9,46744.23,1641012240,0.32323771
46777.31,46778.3,46739.46,46739.46,1641012300,1.68006374
46767.17,46788.48,46752.33,46777.37,1641012360,1.99556583
46771.32,46787.72,46770.06,46770.06,1641012420,0.53491549
46751.15,46773.3,46751.15,46771.32,1641012480,0.03244684
46801.12,46801.12,46774.02,46774.02,1641012540,0.00237000
46799.71,46825.06,46799.71,46824.29,1641012600,0.21301116
46825.08,46825.08,46805.13,46805.13,1641012660,0.00444000
46807.77,46807.77,46807.77,46807.77,1641012720,0.00267331
46801.3,46817.65,46795.61,46812.62,1641012780,1.19076338
46789.19,46817.64,46789.19,46817.64,1641012840,0.11426514
46771.4,46772.76,46767.07,46767.07,1641012900,0.05435613
46759.28,46771.39,46759.28,46771.39,1641012960,0.01447000
46709.34,46759.28,46709.34,46759.28,1641013020,0.00838000
46709.34,46709.34,46709.34,46709.34,1641013080,0.00000000
46706.13,46726.27,46701.01,46726.27,1641013140,0.02806253
46708.11,46708.11,46700.21,46700.21,1641013200,0.19822144
46729.82,46746.96,46711.09,46733.14,1641013260,0.53680155
46729.82,46729.82,46729.82,46729.82,1641013320,0.00000000
46691,46720.38,46691,46720.38,1641013380,0.02870000
46702.59,46702.59,46702.59,46702.59,1641013440,0.00144000
46682.87,46682.88,46682.87,46682.88,1641013500,0.00378096
46680.57,46680.57,46680.18,46680.18,1641013560,0.00716000
46676.75,46676.75,46676.75,46676.75,1641013620,0.00050000
46687.91,46702.27,46687.91,46697.58,1641013680,0.09744000
46678.39,46687.91,46678.39,46687.91,1641013740,0.02000000
46692.63,46698.25,46692.63,46698.25,1641013800,0.00371000
46700.98,46700.98,46700.98,46700.98,1641013860,0.00619000
46694.35,46725.16,46694.35,46721.02,1641013920,0.08925900
46742.2,46742.2,46722.69,46723.12,1641013980,0.00985829
46751.11,46770.95,46740.44,46758.55,1641014040,0.09671450
46772.56,46780.09,46767.25,46780.09,1641014100,0.01231000
46781.25,46781.25,46761.2,46761.2,1641014160,1.18192199
46806.76,46806.76,46788.38,46790.53,1641014220,0.00708827
46824.97,46825.28,46809.16,46824.29,1641014280,0.09794350
46815.95,46815.95,46815.95,46815.95,1641014340,0.00051000
46888.54,46888.54,46844.37,46844.98,1641014400,0.00942000
46888.54,46888.54,46886.19,46886.19,1641014460,0.00855985
47043.55,47079,46911.99,46911.99,1641014520,10.01247852
47183.44,47239,47096.58,47096.58,1641014580,9.84308247
47427.03,47429.93,47202.12,47210.99,1641014640,12.13661799
47357.19,47438.86,47351.22,47438.86,1641014700,0.73689782
47417.02,47417.02,47352.75,47370.16,1641014760,1.25905920
47463.42,47479,47396.4,47396.4,1641014820,7.18001119
47364.08,47441.68,47364.08,47424.98,1641014880,0.95958015
47389.69,47389.71,47372.21,47383.6,1641014940,0.36409847
47480.41,47548.93,47399.65,47399.65,1641015000,6.88848693
47442.24,47505.3,47431.02,47496.41,1641015060,3.79158069
47468.7,47488.74,47444.11,47444.11,1641015120,0.41929145
47499.82,47505.15,47475.2,47479.88,1641015180,1.87826500
47474.4,47516.28,47474.4,47498.71,1641015240,3.73829499
47503.53,47503.53,47473.65,47474.4,1641015300,3.92815163
47508.93,47508.93,47499.6,47506.74,1641015360,0.60397400
47474.18,47521.65,47474.18,47492.34,1641015420,1.12275033
47479.51,47479.51,47479.51,47479.51,1641015480,0.00147600
47474.08,47483.26,47459.12,47459.12,1641015540,0.26576187
47466.91,47466.91,47464.66,47464.66,1641015600,0.00622143
47343.74,47442.41,47343.74,47442.41,1641015660,0.69273098
47256.5,47319.86,47256.5,47319.86,1641015720,0.00520000
47295.59,47296.26,47257.81,47257.81,1641015780,0.11014000
47311.68,47341.96,47311.68,47317.38,1641015840,0.00227000
47216.55,47287.77,47214.27,47287.77,1641015900,0.01503893
47237.98,47237.98,47233.38,47233.38,1641015960,0.89741433
47214.81,47249.59,47214.81,47249.59,1641016020,0.13392827
47189.26,47204.28,47189.26,47204.28,1641016080,0.10651717
47236.97,47263.4,47202.41,47202.41,1641016140,0.23396000
47189.4,47227.22,47189.4,47227.22,1641016200,0.05467777
47215.14,47215.14,47208.07,47208.98,1641016260,0.10305022
47270.85,47275.7,47215.48,47215.48,1641016320,0.22961078
47279.46,47279.46,47265.48,47265.48,1641016380,0.11883000
47264.39,47296.37,47264.39,47279.45,1641016440,0.07954278
47256.79,47300.39,47256.79,47275.85,1641016500,0.26869050
47173.15,47259.59,47160,47259.59,1641016560,0.05194732
47188.59,47188.59,47151.78,47151.78,1641016620,0.00659000
47191.15,47192.49,47186.27,47188.59,1641016680,0.02895000
47214.92,47214.92,47206.38,47206.38,1641016740,0.00286000
47212.63,47246.4,47212.63,47224.84,1641016800,0.33214254
47178.58,47180.36,47178.58,47180.36,1641016860,0.07412194
47188.86,47193.39,47179.7,47189.4,1641016920,1.99786968
47153.65,47159.31,47150.7,47159.31,1641016980,0.79431182
47120,47156.88,47120,47156.88,1641017040,1.14855550
47126.71,47126.71,47126.67,47126.67,1641017100,0.02365000
47194.16,47194.16,47150.81,47156,1641017160,0.17809237
47164.97,47180.78,47164.97,47180.78,1641017220,0.24562000
47206.77,47206.77,47185.4,47185.4,1641017280,0.04183986
47292.49,47292.49,47236.28,47236.28,1641017340,0.25853378
47269.49,47278.26,47260.72,47260.72,1641017400,0.53395754
47292.47,47292.47,47292.47,47292.47,1641017460,0.00565000
47286.48,47286.48,47286.48,47286.48,1641017520,0.00102000
47314.24,47314.24,47300.66,47300.66,1641017580,0.04618149
47308.46,47327.29,47308.46,47327.29,1641017640,0.00459000
47273.71,47297.75,47254.49,47297.75,1641017700,0.00600762
47246.02,47273.99,47246.02,47272.73,1641017760,0.01556000
47229.92,47266.53,47229.4,47257.02,1641017820,0.62646761
47226.34,47226.34,47226.34,47226.34,1641017880,0.00244000
47201.71,47201.71,47201.71,47201.71,1641017940,0.00177000
47227.74,47229.96,47207.6,47207.6,1641018000,0.00795000
47215.03,47215.03,47215.03,47215.03,1641018060,0.00102000
47192.57,47204.31,47189.03,47204.31,1641018120,0.00665509
47184.34,47185.39,47184.34,47185.39,1641018180,0.00255000
47204.69,47204.69,47171.85,47184.34,1641018240,0.03618000
47146.8,47169.88,47145.4,47169.88,1641018300,0.07071658
47140.29,47156.91,47140.29,47156.91,1641018360,0.00548000
47166.57,47166.57,47140.6,47140.6,1641018420,0.00100000
47163.53,47172.08,47130.89,47172.08,1641018480,0.19496931
47137.62,47137.62,47118.56,47130.89,1641018540,0.15151660
47135.99,47140.74,47135.99,47140.74,1641018600,0.01803000
47135.99,47135.99,47135.99,47135.99,1641018660,0.00000000
47132.46,47137.04,47127.8,47137.04,1641018720,0.15797576
47131.16,47131.16,47124.28,47125.87,1641018780,0.07159558
47178.77,47178.77,47142.9,47142.9,1641018840,0.03438156
47177.82,47177.82,47145.41,47145.41,1641018900,0.00309000
47194.03,47194.03,47190.27,47190.27,1641018960,0.00123000
47162.55,47169.58,47162.41,47169.58,1641019020,0.00433000
47155.08,47155.08,47155.08,47155.08,1641019080,0.00197000
47158.73,47158.73,47130.42,47130.42,1641019140,0.00423000
47170.14,47170.14,47145.89,47146.14,1641019200,0.01646700
47175.23,47175.23,47170.14,47170.14,1641019260,0.01208900
47175.23,47175.23,47175.23,47175.23,1641019320,0.00000000
47179.97,47179.97,47179.97,47179.97,1641019380,0.01021000
47168.63,47191.25,47154.8,47191.25,1641019440,0.00702112
47180.49,47180.49,47139.08,47167.43,1641019500,0.20172830
47185.39,47219.04,47185.39,47219.04,1641019560,0.47670080
47085.71,47193.15,47060,47193.15,1641019620,1.42092317
47073.82,47079.05,47054.35,47074.59,1641019680,2.05195118
47088.59,47088.59,47076.06,47087.93,1641019740,0.29682831
47048.85,47054.94,47048.85,47054.94,1641019800,0.00357000
47059.72,47059.72,47053.12,47053.12,1641019860,0.00458000
47087.53,47087.53,47070.29,47070.29,1641019920,0.04660860
47067.42,47087.53,47039.08,47087.53,1641019980,0.19912223
47059.59,47059.59,47059.59,47059.59,1641020040,0.00053000
47059.59,47059.59,47059.59,47059.59,1641020100,0.00000000
47072.73,47072.73,47072.73,47072.73,1641020160,0.00050000
47104.96,47104.96,47089.91,47089.91,1641020220,0.25522308
47088.08,47088.08,47080.94,47080.94,1641020280,0.01050000
46984.84,47067.67,46960,47066.54,1641020340,1.39035691
46999.46,46999.46,46978.77,46978.77,1641020400,0.00169408
46950.58,46987.75,46936.74,46987.75,1641020460,3.98236000
46977.37,46982,46948.62,46968.56,1641020520,0.16466419
46997.26,47015.07,46981.68,46981.68,1641020580,1.17671660
47055.56,47055.56,46992.45,46992.45,1641020640,0.46668158
47028.83,47047.36,47028.83,47047.36,1641020700,0.00942425
47036.47,47036.47,47035.43,47035.43,1641020760,0.10684058
47026.8,47053.56,47026.8,47053.56,1641020820,0.00368000
46952.4,47002.78,46901.24,47002.78,1641020880,2.00991419
46963.36,46963.36,46944.72,46944.72,1641020940,0.00359000
46975,46975,46957.29,46957.29,1641021000,0.01552000
46968.92,46981.73,46968.92,46973,1641021060,0.02393000
46973.78,46973.78,46973.78,46973.78,1641021120,0.00128000
46960.33,46977.43,46957.76,46977.43,1641021180,0.15380437
46975.71,46975.71,46967.78,46967.78,1641021240,0.00616102
46995.38,46996.12,46981.33,46981.33,1641021300,0.15369442
47013.73,47013.73,46997.77,47002.94,1641021360,0.66727440
47002.94,47021.17,47002.94,47012.65,1641021420,0.51661971
47027.15,47035.4,47025.66,47025.66,1641021480,0.10171139
47031.99,47044.92,46999.4,47039.4,1641021540,0.15115000
47052.96,47061.61,47048.39,47048.39,1641021600,0.01002695
47055.43,47055.43,47029,47036.27,1641021660,0.07073000
46990.99,47014.93,46985.39,47014.93,1641021720,0.29568432
46973.97,46992.62,46973.97,46992.62,1641021780,0.00305000
46992.76,46992.76,46973.97,46973.97,1641021840,0.00843152
46996.59,46996.59,46995.36,46995.36,1641021900,0.00651000
46975.26,46975.26,46975.26,46975.26,1641021960,0.00050000
46991.64,46991.64,46988.91,46988.91,1641022020,0.00073000
46957.14,46981.26,46955.56,46981.26,1641022080,0.65461779
46949.18,46958.62,46949.18,46958.62,1641022140,0.00924409
46997.61,46997.61,46966.95,46966.95,1641022200,0.00577800
46997.61,46997.61,46997.61,46997.61,1641022260,0.00000000
46978.06,46978.45,46977.55,46977.55,1641022320,0.00368000
46985.29,46985.29,46978.67,46978.67,1641022380,1.69147021
47013.26,47013.26,46998.6,46998.6,1641022440,0.00274331
46982.27,47001.17,46982.27,47001.17,1641022500,0.01138800
46998.41,46998.41,46983.64,46985.26,1641022560,0.00445648
47037.74,47037.74,47015.11,47015.11,1641022620,0.04706695
46999.59,47050.32,46999.59,47050.32,1641022680,0.44988000
47052.66,47052.66,47020.86,47020.86,1641022740,0.00357000
47045.01,47067.68,47045.01,47067.68,1641022800,0.06222249
47099.12,47099.12,47048.89,47048.89,1641022860,0.20171704
47083.1,47083.1,47083.1,47083.1,1641022920,0.00209653
47083.1,47083.1,47083.1,47083.1,1641022980,0.00000000
47079.37,47082.65,47079.37,47082.65,1641023040,0.00351513
47085.73,47099.06,47085.73,47099.06,1641023100,0.00218000
47094.93,47094.93,47083.79,47083.79,1641023160,0.00113000
47103,47113.73,47092.83,47112.5,1641023220,0.13462794
47117.24,47139.69,47117.24,47139.69,1641023280,0.48461000
47103.85,47117.24,47094.28,47117.24,1641023340,1.79888046
47117.6,47117.6,47100.24,47100.24,1641023400,0.01072537
47105.16,47106.54,47105.16,47106.54,1641023460,0.00280000
47148.74,47153.89,47136.57,47136.57,1641023520,0.15871275
47144.33,47175.31,47140.24,47175.31,1641023580,0.18727952
47152.63,47152.63,47117.06,47121.72,1641023640,0.00763300
47122.54,47146.03,47122.54,47146.03,1641023700,0.01506000
47158.72,47158.72,47130.63,47130.63,1641023760,1.00350000
47162.44,47162.44,47159.35,47159.35,1641023820,0.01058334
47232.32,47232.32,47128.45,47169.43,1641023880,1.58331402
47236.65,47251.14,47235.57,47251.14,1641023940,0.70743000
47180.73,47218.15,47180.73,47198.78,1641024000,0.11674478
47149.24,47174.97,47127.03,47174.97,1641024060,0.29214699
47140,47141,47114.42,47114.42,1641024120,1.09105263
47148.39,47162.77,47140,47143.46,1641024180,0.01331263
47171.29,47171.29,47148.9,47148.9,1641024240,0.45236434
47160.81,47189.2,47160.81,47173.59,1641024300,0.11286225
47147.95,47158.37,47147.95,47158.37,1641024360,0.00962000
47092.57,47115.38,47092.57,47115.38,1641024420,0.36688220
47102.22,47102.22,47085.13,47101.65,1641024480,0.06269664
47107.66,47107.66,47099.74,47099.74,1641024540,0.10616000
47102.45,47102.45,47102.45,47102.45,1641024600,0.00101000
47119.89,47121.49,47119.89,47121.49,1641024660,0.01072000
47147.89,47147.89,47124.94,47124.94,1641024720,0.05208000
47100.39,47126.21,47096.24,47121.49,1641024780,0.10095027
47132.37,47154.64,47110.38,47110.38,1641024840,0.57963990
47216.79,47228.22,47161.77,47161.77,1641024900,0.97590000
47222.11,47239.04,47222.11,47239.04,1641024960,0.16696081
47307.98,47307.98,47275.7,47275.7,1641025020,0.00098667
47308.3,47308.3,47308.3,47308.3,1641025080,0.00101000
47284.97,47284.97,47267.37,47284,1641025140,0.19686607
47276.05,47276.05,47256.92,47275.21,1641025200,0.06906543
47250.71,47267.57,47239.04,47267.57,1641025260,0.11514875
47233,47255.48,47228.91,47250.71,1641025320,2.37847200
47233,47233,47233,47233,1641025380,0.00000000
47247.6,47247.6,47233,47233,1641025440,0.11694000
47261.66,47278.02,47261.66,47278.02,1641025500,0.00100000
47274.29,47293.19,47274.29,47293.19,1641025560,0.00100000
47269.84,47295.21,47269.84,47295.21,1641025620,0.00226000
47279.66,47281.08,47278.62,47281.08,1641025680,0.07090000
47323.39,47337.16,47290.59,47301.03,1641025740,0.27456562
47260.54,47304.54,47260.54,47304.54,1641025800,0.00213000
47261.72,47264.54,47261.72,47264.54,1641025860,0.00489918
47253.1,47254.37,47253.1,47254.37,1641025920,0.05715000
47219.94,47219.94,47218,47218,1641025980,0.04787743
47233.7,47233.7,47192.31,47219.94,1641026040,1.68675096
47246.5,47246.5,47219.84,47219.84,1641026100,0.01832000
47233.99,47233.99,47233.99,47233.99,1641026160,0.00871000
47235.79,47235.79,47233.99,47233.99,1641026220,0.10000000
47208.46,47243.66,47204.17,47204.17,1641026280,0.01182244
47177.17,47186.16,47177.17,47186.16,1641026340,0.00628257
47208.43,47208.43,47190.4,47190.4,1641026400,0.05812259
47218.74,47223.76,47213.42,47213.42,1641026460,0.03625000
47237.04,47237.04,47220.78,47220.78,1641026520,0.01040000
47226.25,47241.25,47226.25,47241.25,1641026580,0.00345000
47222.09,47225.89,47222.09,47225.89,1641026640,0.01464000
47224.84,47252.75,47224.84,47246.04,1641026700,0.05528738
47239.08,47248.06,47239.08,47248.06,1641026760,0.10644318
47239.08,47239.08,47239.08,47239.08,1641026820,0.00000000
47208.57,47224.6,47207.88,47224.6,1641026880,0.02002000
47176.03,47176.03,47176.03,47176.03,1641026940,0.04337587
47202.93,47202.93,47166.68,47174.72,1641027000,0.75810716
47145.06,47201.21,47145.06,47199.49,1641027060,0.13976544
47107.38,47147.44,47105.17,47147.44,1641027120,0.00939675
47086.7,47111.28,47086.7,47111.16,1641027180,0.39413553
47129.29,47129.29,47116.69,47116.69,1641027240,0.00366682
47120.83,47129.29,47120.83,47129.29,1641027300,0.10569841
47102.43,47115.14,47102.43,47105.18,1641027360,0.10289580
47120.08,47128.04,47120.08,47120.63,1641027420,0.01352400
47128.78,47128.78,47113.75,47113.75,1641027480,0.00744605
47122.75,47123.66,47122.75,47123.66,1641027540,0.01054000
47155.36,47158,47134.44,47134.44,1641027600,0.11376139
47076.29,47140.54,47076.29,47140.54,1641027660,0.19719620
47101.26,47101.26,47083.84,47083.84,1641027720,0.08789000
47107.65,47107.65,47107.65,47107.65,1641027780,0.02800000
47119.41,47119.41,47119.41,47119.41,1641027840,0.11520000
47165.59,47166.5,47110.99,47119.42,1641027900,1.74085850
47185.3,47210.56,47166.5,47166.5,1641027960,0.03930741
47185.3,47185.3,47185.3,47185.3,1641028020,0.00000000
47195.98,47195.98,47165.92,47178.34,1641028080,0.00444000
47185.67,47189.88,47185.67,47189.88,1641028140,0.06642000
47185.67,47185.67,47185.67,47185.67,1641028200,0.00000000
47177.69,47186.03,47177.69,47186.03,1641028260,0.00225000
47167.85,47167.85,47167.85,47167.85,1641028320,0.00053000
47167.85,47167.85,47167.85,47167.85,1641028380,0.00000000
47167.85,47167.85,47167.85,47167.85,1641028440,0.00000000
47205.89,47205.89,47189.99,47189.99,1641028500,0.00958605
47200.92,47205.89,47200.91,47205.89,1641028560,0.01665000
47168.76,47199.42,47168.76,47198,1641028620,0.02608266
47152.25,47170.12,47149.46,47170.12,1641028680,0.06988000
47143.4,47157.08,47143.4,47153.32,1641028740,0.02078218
47180.69,47180.69,47148.11,47148.11,1641028800,0.59113331
47154.57,47154.57,47154.57,47154.57,1641028860,0.00368823
47154.57,47154.57,47154.57,47154.57,1641028920,0.00000000
47135.05,47135.05,47135.05,47135.05,1641028980,0.00417140
47139.77,47139.77,47135.05,47135.05,1641029040,0.05700000
47110.76,47121.61,47110.45,47110.45,1641029100,0.01667343
47097.53,47097.53,47088.99,47088.99,1641029160,0.01314000
47135.68,47135.68,47097.99,47097.99,1641029220,0.00543000
47133.86,47133.86,47133.86,47133.86,1641029280,0.00295000
47121.75,47126.47,47121.75,47126.47,1641029340,0.00528519
47108.94,47113.97,47108.94,47108.94,1641029400,0.27158679
47124.69,47124.69,47124.69,47124.69,1641029460,0.00631700
47138.93,47139.5,47138.93,47139.5,1641029520,0.00826000
47089.11,47113.74,47089.11,47113.74,1641029580,0.72868901
47075.12,47109.68,47075.12,47109.68,1641029640,0.01284446
47054.49,47068.59,47038.48,47068.59,1641029700,0.18185411
47012.69,47036.06,47012.69,47033.71,1641029760,0.76821906
46990.31,47012.69,46990.31,47012.69,1641029820,0.14563406
47009.27,47035.21,47009.27,47021.08,1641029880,0.10907566
47026.43,47026.43,47026.43,47026.43,1641029940,0.00074000
47020.12,47020.12,46999.82,47000.95,1641030000,0.00840310
46980.61,47009.97,46980.61,47009.97,1641030060,1.56645995
46951.29,46979.62,46951.29,46979.62,1641030120,0.43306362
46955.61,46957.75,46955.61,46956.13,1641030180,0.00246000
47007.44,47007.44,46942.35,46956.29,1641030240,0.12819000
46968.51,46990.21,46968.51,46990.21,1641030300,0.37416750
46993,46993,46981.71,46981.71,1641030360,0.00445000
47015.46,47027.22,47015.46,47018.17,1641030420,0.00612863
47062.98,47068.07,47045.56,47046.06,1641030480,1.45756009
47065.16,47065.16,47065.16,47065.16,1641030540,0.00053000
47091.04,47091.04,47047.52,47057.57,1641030600,0.65076728
47048.67,47063.43,47047.52,47063.43,1641030660,0.87629703
47068.27,47068.27,47049.95,47049.95,1641030720,0.00829000
47055.31,47055.31,47055.31,47055.31,1641030780,0.01000000
47069.67,47070.7,47069.67,47070.7,1641030840,0.04677000
47055.13,47059.24,47055.13,47059.24,1641030900,0.04217000
47074.31,47074.31,47074.31,47074.31,1641030960,0.00090000
47074.31,47074.31,47074.31,47074.31,1641031020,0.00000000
47088.3,47088.3,47088.3,47088.3,1641031080,0.00071000
47136.03,47136.03,47088.17,47088.17,1641031140,0.02606000
47214.88,47219.04,47155.52,47155.52,1641031200,0.02178317
47241.56,47241.56,47202.38,47202.38,1641031260,0.01873000
47244.13,47244.13,47235.49,47235.49,1641031320,0.01042000
47284.42,47284.43,47249.49,47249.49,1641031380,0.02078375
47253.85,47294.22,47253.85,47284.42,1641031440,0.02371980
47202.1,47233.58,47192.37,47231.55,1641031500,0.05087614
47169.71,47196.84,47151.52,47186.2,1641031560,0.95819830
47195.49,47199.59,47177.8,47177.8,1641031620,0.01234000
47203.56,47203.56,47160.6,47200.68,1641031680,0.30282285
47184.24,47184.24,47184.24,47184.24,1641031740,0.00050000
47184.79,47190.19,47183.15,47186.29,1641031800,0.00626900
47214.02,47219.04,47181.7,47181.7,1641031860,0.05001184
47174.11,47194.94,47171.43,47194.94,1641031920,0.05046751
47147.37,47164.9,47147.37,47161.44,1641031980,0.11221000
47119.72,47141.46,47119.72,47139.88,1641032040,0.06244011
47061.28,47105.34,47061.28,47105.34,1641032100,0.02055000
47043.1,47064.04,47043.1,47061.95,1641032160,0.00864579
47064.04,47064.04,47056.48,47056.48,1641032220,0.00260300
47047.63,47049.37,47031.12,47031.12,1641032280,2.74819224
47069.68,47069.82,47052.95,47053.82,1641032340,0.00852000
47052.62,47070.51,47052.62,47070.51,1641032400,0.00259402
47034.74,47037.61,47000,47021.06,1641032460,0.88314083
46994.05,46998.05,46988.74,46998.01,1641032520,0.07087527
47006.73,47006.73,46997.87,47000.22,1641032580,1.04656221
47058.82,47058.82,47020.9,47025.83,1641032640,0.10963579
47027.76,47038.52,47027.76,47038.52,1641032700,0.01796409
47043.47,47043.47,47042.7,47042.7,1641032760,0.00154000
47029.04,47040.16,47006.03,47034.26,1641032820,0.24967800
46820,47036.16,46820,47036.16,1641032880,17.42231373
46884.21,46913.62,46845.12,46845.12,1641032940,1.58095146
46836.54,46853.11,46816.5,46853,1641033000,3.32078288
46768.17,46851,46768.17,46839.4,1641033060,3.46657422
46815.09,46815.09,46760,46774.3,1641033120,1.72431338
46819.82,46819.82,46819.82,46819.82,1641033180,0.00144000
46782.37,46797.18,46740,46797.18,1641033240,0.59625976
46756.02,46756.02,46720,46727.84,1641033300,0.01446612
46815.57,46815.57,46778.1,46778.1,1641033360,0.25250000
46830.17,46846.74,46797.55,46799.9,1641033420,3.65965858
46828.92,46847.15,46828.92,46841.31,1641033480,0.33755029
46843.72,46862.89,46839.39,46856.06,1641033540,0.04574285
46864.32,46864.32,46837.73,46855.72,1641033600,0.01257000
46854.69,46873.68,46840.05,46871.81,1641033660,0.01310000
46854.19,46899.44,46854.19,46859.32,1641033720,0.21698374
46959,46959,46864.58,46864.58,1641033780,0.69916412
47005.53,47022.63,46981.1,46983.14,1641033840,2.04698338
47057.24,47079.7,47018.98,47018.98,1641033900,0.27276266
46999.07,47041.53,46999.07,47032.64,1641033960,0.13928347
46927.11,46989.72,46927.11,46989.72,1641034020,0.06180092
46969.44,46969.44,46932.24,46938.36,1641034080,0.16753658
46940.49,46964.5,46928.2,46961.47,1641034140,0.05638879
46965.37,46965.37,46942.01,46946.36,1641034200,0.09852594
47034.74,47034.74,46978.36,46978.36,1641034260,0.16054080
47011.72,47042,47011.72,47029.65,1641034320,2.13343136
46987.56,46987.56,46987.56,46987.56,1641034380,0.00079999
46965.85,46981.33,46954.93,46981.33,1641034440,0.15908641
46961.03,46963,46961.03,46963,1641034500,0.00454226
46954.13,46954.13,46954.13,46954.13,1641034560,0.00307000
46914.5,46916.52,46882.91,46916.52,1641034620,50.38644704
46891.11,46908.49,46877.91,46908.49,1641034680,1.52589048
46897,46900.74,46870,46880.35,1641034740,7.94995428
46862.14,46862.14,46846,46857.8,1641034800,30.00080000
46874.75,46897,46868.18,46868.18,1641034860,0.10950579
46891.65,46891.65,46881.18,46881.18,1641034920,0.00467000
46924.94,46924.94,46891.44,46891.44,1641034980,0.73197391
46930.58,46930.58,46930.58,46930.58,1641035040,0.01900000
46930.58,46930.58,46930.58,46930.58,1641035100,0.00000000
46946.18,46946.18,46931.06,46943.37,1641035160,0.02223521
46901.27,46929.45,46849.94,46929.45,1641035220,0.35478921
46899.8,46900.72,46890.87,46900.72,1641035280,0.01426000
46917.03,46917.03,46899.8,46899.8,1641035340,0.11934377
46869.04,46899.8,46869.04,46899.8,1641035400,0.02154000
46906.63,46921.7,46877.38,46877.38,1641035460,0.07793000
46895.13,46895.13,46890.11,46890.11,1641035520,0.01220410
46898.37,46903.11,46898.37,46903.11,1641035580,0.09199279
46915.12,46934.63,46898.37,46898.37,1641035640,0.35965987
46959.52,46959.52,46929.24,46929.24,1641035700,0.02612444
46996.16,47007.7,46996.16,47007.7,1641035760,0.00517000
46962.21,46979.14,46962.21,46979.14,1641035820,0.09270000
46980.88,46980.88,46980.88,46980.88,1641035880,0.00103749
46991.4,46991.4,46974.18,46974.18,1641035940,0.03940000
46974.49,46995.73,46963.66,46995.73,1641036000,1.59153595
46956.72,46988.82,46933.41,46971.26,1641036060,1.06249947
46944.86,46944.86,46911.04,46928.62,1641036120,0.93926708
46940.32,46950.29,46933.78,46943.91,1641036180,0.80656364
46939.55,46939.55,46930.63,46930.63,1641036240,0.01320000
46928.84,46928.84,46922,46923.03,1641036300,0.00797198
46957.92,46957.92,46939.55,46939.55,1641036360,0.06825691
46954.44,46954.44,46952.49,46952.49,1641036420,0.00204000
46974.01,46974.01,46952.48,46961.39,1641036480,0.05141301
46979.42,46979.42,46962.6,46965.53,1641036540,0.00901000
46979.09,46979.09,46979.09,46979.09,1641036600,0.00089000
46923.8,46953.81,46923.33,46953.81,1641036660,0.00513012
46918.83,46918.83,46898.38,46900,1641036720,0.22646000
46880.48,46910.64,46880.48,46910.64,1641036780,0.00608976
46896.26,46896.26,46890.86,46890.86,1641036840,0.03950000
46905.57,46905.57,46901.18,46901.18,1641036900,0.01154000
46879.14,46879.67,46871.46,46875.99,1641036960,0.07387218
46864.8,46864.8,46812.95,46864.74,1641037020,0.62913620
46889.28,46889.28,46870.42,46888.1,1641037080,0.49684509
46949.69,46949.69,46925.88,46925.88,1641037140,0.07553999
46992.86,46997.76,46958.24,46958.24,1641037200,0.01018000
46967.97,46967.97,46967.97,46967.97,1641037260,0.00050000
46974.24,46974.24,46974.24,46974.24,1641037320,0.00053000
46953.66,46976.54,46953.66,46976.54,1641037380,0.00497000
46953.66,46953.66,46940.79,46940.79,1641037440,0.01351000
46951.81,46951.81,46948.42,46948.42,1641037500,0.01871376
46963.63,46986.47,46953.66,46953.66,1641037560,0.03365688
46959.42,46959.42,46959.42,46959.42,1641037620,0.01734696
46962.09,46962.09,46956.69,46962.03,1641037680,0.00743000
46947.81,46947.81,46944.34,46944.34,1641037740,0.02797000
46953.97,46953.97,46953.97,46953.97,1641037800,0.00150000
46898.98,46931.2,46898.98,46931.2,1641037860,0.52735089
46889.03,46902.07,46888.36,46890.75,1641037920,0.12501064
46919.75,46925.18,46891.44,46891.44,1641037980,2.88931393
46792.73,46897.74,46781.08,46897.74,1641038040,4.64607681
46825.31,46825.31,46768.17,46790.35,1641038100,0.91041233
46819.41,46850.26,46819.41,46846.86,1641038160,0.05214728
46814.76,46814.76,46785.9,46809.14,1641038220,0.00736000
46803.53,46803.53,46796.05,46796.05,1641038280,0.00533000
46767.08,46767.08,46760,46760,1641038340,0.00552338
46831.32,46831.32,46771.09,46771.09,1641038400,0.10937477
46807.37,46815.41,46807.37,46815.41,1641038460,0.00510000
46770.67,46803.83,46770.67,46803.83,1641038520,0.32890564
46770.67,46770.67,46770.67,46770.67,1641038580,0.00000000
46811.32,46825.5,46811.32,46812.36,1641038640,0.02588000
46813.3,46813.3,46813.3,46813.3,1641038700,0.00094000
46843.96,46843.96,46809.25,46809.25,1641038760,0.41935000
46883.66,46883.66,46858.34,46858.34,1641038820,0.30540000
46860.2,46873.38,46860.2,46873.38,1641038880,0.31710011
46934.38,46934.38,46903.44,46903.44,1641038940,0.02101000
46934.98,46934.98,46934.98,46934.98,1641039000,0.00500000
46905.86,46935.4,46905.86,46934.98,1641039060,0.01431054
46922.71,46922.71,46922.71,46922.71,1641039120,0.00050000
46931.59,46931.59,46931.59,46931.59,1641039180,0.00102000
46987.85,46987.85,46939.78,46939.78,1641039240,0.73047000
46967.47,46999,46967.47,46999,1641039300,0.02505227
46984.75,46993.6,46957.03,46965.34,1641039360,0.25978000
46940.27,46993.4,46940.27,46993.4,1641039420,0.01705000
46917.74,46963.3,46917.74,46963.3,1641039480,0.02991465
46950.12,46956.09,46933.32,46933.32,1641039540,0.21404655
46957.71,46967.59,46940.23,46952.41,1641039600,0.00950692
46968.44,46968.44,46968.4,46968.4,1641039660,0.05841000
46965.09,46968.44,46965.09,46968.44,1641039720,0.00631000
46951.83,46971.87,46943.56,46971.87,1641039780,0.86331676
46934.11,46934.11,46934.11,46934.11,1641039840,0.03300000
46946.07,46946.07,46934.11,46934.11,1641039900,0.01172000
46946.07,46946.07,46946.07,46946.07,1641039960,0.00000000
46927.73,46927.73,46919.43,46919.43,1641040020,0.00098000
46939.04,46939.04,46929.9,46929.9,1641040080,0.00350000
46959.26,46959.26,46939.04,46939.04,1641040140,0.09237061
47009.76,47028.01,46974.53,46974.53,1641040200,0.23205969
47086.23,47113.04,47042,47042,1641040260,1.27217099
47083.55,47149,47083.55,47111.07,1641040320,0.13539882
47077.72,47083.55,47077.72,47083.55,1641040380,0.01050000
47053.9,47058.48,47044.6,47058.48,1641040440,0.04057000
47055.76,47071.35,47055.76,47055.76,1641040500,0.06124435
47046.8,47046.8,47046.8,47046.8,1641040560,0.00050000
47055.44,47055.44,47053.27,47053.27,1641040620,0.03341000
47044.62,47061.2,47041.16,47061.2,1641040680,0.00170000
47037.26,47070.57,47037.15,47059.9,1641040740,0.57778195
47082.84,47082.84,47054.71,47054.71,1641040800,0.01410000
47037.36,47060,47037.36,47060,1641040860,0.01013748
47060.58,47060.58,47042.47,47042.47,1641040920,0.00391000
47059.1,47062.13,47042.36,47062.13,1641040980,0.11926609
47030.6,47043.65,47030.6,47043.65,1641041040,0.00265000
47057.61,47057.61,47043.65,47043.65,1641041100,0.09243000
47070.59,47070.59,47055.97,47055.97,1641041160,0.01311000
47085.87,47085.87,47069.18,47070.58,1641041220,0.07795075
47085.87,47090.88,47084.76,47090.88,1641041280,0.00414538
47106.82,47106.82,47089.85,47090.88,1641041340,0.05786732
47140.8,47140.8,47121.13,47121.13,1641041400,0.01605000
47129.19,47129.19,47105.38,47123.12,1641041460,0.11894077
47150.03,47150.03,47123.25,47129.19,1641041520,0.31150652
47085.6,47117.49,47085.6,47117.49,1641041580,0.13118919
47100.63,47101.11,47088.49,47099.62,1641041640,0.09151154
47078.15,47078.15,47071.78,47071.78,1641041700,0.00965000
47073.53,47082.81,47073.53,47078.15,1641041760,0.01162000
47098.12,47098.12,47085.48,47085.48,1641041820,0.01851000
47101.11,47101.11,47096.51,47096.51,1641041880,0.05686000
47097.87,47120.41,47092.64,47115.05,1641041940,0.19619876
47159.74,47159.74,47102.8,47103.3,1641042000,0.61222000
47167.15,47167.15,47159.13,47159.13,1641042060,0.04763179
47169.7,47169.7,47141.75,47165.26,1641042120,0.05262345
47088.17,47142.69,47082.25,47142.69,1641042180,0.59264236
47059.08,47062.01,47058.84,47058.84,1641042240,0.02099000
47037.93,47037.93,47037.93,47037.93,1641042300,0.01000000
47087.01,47087.01,47052.09,47052.09,1641042360,0.04388000
47063.18,47084.61,47061.14,47084.61,1641042420,0.00685000
47062.31,47062.31,47048.24,47049.01,1641042480,0.06563000
47059.64,47068.16,47059.64,47066.95,1641042540,0.66359620
47071.29,47083.75,47063.64,47063.64,1641042600,0.02808100
47081.8,47081.8,47076.81,47076.81,1641042660,0.00277100
47130.21,47131.88,47090.37,47090.37,1641042720,0.30304232
47123.6,47123.6,47095.75,47095.75,1641042780,0.01224422
47144.57,47144.57,47118.5,47123.6,1641042840,0.99343523
47133.08,47146.36,47133.08,47146.36,1641042900,0.00563565
47193.72,47201.51,47116.69,47136.45,1641042960,0.70201857
47194.49,47207.27,47177.91,47207.27,1641043020,0.19409022
47150.14,47192.36,47150.14,47192.36,1641043080,0.03301000
47171.54,47171.54,47171.54,47171.54,1641043140,0.00101000
47164.86,47170.59,47162.24,47170.59,1641043200,0.00409339
47116.43,47159.16,47116.43,47159.16,1641043260,0.23640185
47116.43,47116.43,47116.43,47116.43,1641043320,0.00000000
47119.02,47124.12,47111.85,47118.81,1641043380,0.16289000
47071.08,47124.12,47071.08,47124.12,1641043440,0.57427739
47026.21,47094.68,47001.23,47082.46,1641043500,1.97894944
47017.39,47032.61,47017.06,47017.06,1641043560,0.00375000
47048.94,47049.61,47004.01,47004.01,1641043620,0.20468777
47059.2,47059.2,47042.59,47057.42,1641043680,0.06972582
47044.46,47071.25,47044.46,47071.25,1641043740,0.15477283
47055.16,47059.78,47043.31,47044.3,1641043800,0.10203763
47012.17,47055.16,47012.17,47055.16,1641043860,0.04375000
47015.17,47015.17,47010.22,47011.22,1641043920,0.00689000
46981.73,46986.51,46947.58,46986.51,1641043980,1.67408251
46992.62,46993.02,46980.1,46980.1,1641044040,0.05196000
46992.62,46992.62,46981.65,46981.65,1641044100,0.01476904
47055.99,47061.7,47000.18,47000.18,1641044160,0.23473910
47069.11,47086.44,47058.45,47068.27,1641044220,0.12432685
47082.29,47082.29,47069.11,47069.11,1641044280,0.04531572
47065.39,47080.18,47058.96,47080.18,1641044340,0.58385302
47052.47,47064.56,47036.15,47048.32,1641044400,1.16126247
47065.39,47065.39,47065.39,47065.39,1641044460,0.00900000
47078.99,47078.99,47069.58,47069.58,1641044520,0.00903000
47086.7,47086.7,47066.61,47073.98,1641044580,0.00407000
47079.8,47097.36,47079.8,47097.36,1641044640,0.00387330
47050.84,47066.93,47042.94,47066.93,1641044700,0.09253698
47070.11,47078.7,47070.11,47073.35,1641044760,0.11350426
47055.63,47079.31,47055.63,47079.31,1641044820,0.01871967
47057.1,47060.63,47056.01,47060.63,1641044880,0.00237171
47026.72,47060.84,47016.63,47060.84,1641044940,0.01417626
46981.42,47024.98,46981.42,47007.79,1641045000,0.33948675
47020.73,47020.73,47004.49,47004.49,1641045060,0.01464000
47007.93,47007.93,46969.81,46995.48,1641045120,0.20607000
47005.24,47007.16,47005.24,47007.16,1641045180,0.00263000
46988.49,47008.13,46984.68,47008.13,1641045240,0.13644456
46994.09,46994.09,46989.98,46989.98,1641045300,0.08395000
46994.09,46994.09,46994.09,46994.09,1641045360,0.00000000
47007.34,47007.34,47006.11,47006.11,1641045420,0.02092438
47032.73,47051.84,47018.6,47018.6,1641045480,0.15800649
47029.06,47051.84,47029.06,47046.91,1641045540,0.16080932
47039.69,47040.01,47018.9,47028.5,1641045600,0.01620000
47039.69,47039.69,47039.69,47039.69,1641045660,0.00000000
47074.51,47074.51,47051.84,47051.84,1641045720,0.13356353
47047.44,47075.38,47044.83,47075.38,1641045780,0.01877000
47024.3,47053.14,47024.3,47039.64,1641045840,0.04976000
46956.48,47031.67,46956.48,47031.67,1641045900,0.20496303
47002.23,47002.23,46981.68,46981.68,1641045960,0.42784396
46978.93,47010.36,46978.93,47003.01,1641046020,0.00744777
46997.7,46997.7,46996.28,46996.28,1641046080,0.00607811
46996.44,47000.39,46996.44,46998.68,1641046140,0.03152822
47048.95,47048.95,47001.24,47001.24,1641046200,0.60857167
47026.96,47026.96,47026.96,47026.96,1641046260,0.00239755
46997.76,47007.98,46981.17,47007.98,1641046320,0.05136139
47006.23,47010.02,47006.17,47010.02,1641046380,0.00742494
46997.41,47013.4,46989.06,46989.06,1641046440,0.59698526
47008.17,47008.17,46990.33,46997.41,1641046500,0.03252000
47066.35,47070.31,47005.08,47005.08,1641046560,0.37948328
47062.16,47085.51,47061.21,47070.88,1641046620,0.31111834
47062.79,47066.69,47037.1,47037.1,1641046680,0.01223000
47022.64,47067.52,47016.08,47067.52,1641046740,0.03497000
47020.95,47035.3,46997.21,46997.21,1641046800,0.07207354
47089.32,47100.72,47046.14,47046.14,1641046860,0.00774000
47104.64,47104.64,47073.77,47098.1,1641046920,0.05693921
47082.47,47105.92,47082.47,47105.92,1641046980,0.06705000
47082.47,47082.47,47082.47,47082.47,1641047040,0.00000000
47070.13,47100.03,47070.13,47100.03,1641047100,0.23879652
47044.63,47044.63,47044.63,47044.63,1641047160,0.04579134
47045.72,47057.92,47039.21,47057.92,1641047220,0.03198151
47041.89,47062.75,47041.89,47062.75,1641047280,0.01076804
47040.08,47040.08,47040.08,47040.08,1641047340,0.00397000
47018.1,47022.77,47017.99,47022.68,1641047400,0.03982776
46999.62,47038.65,46999.62,47038.65,1641047460,0.23612335
46973.41,46985.37,46972.83,46985.37,1641047520,0.02580000
46930.91,46930.91,46900,46921.62,1641047580,2.09226946
46895.7,46923,46870.69,46916.06,1641047640,0.16305142
46890.07,46890.68,46859.19,46862.37,1641047700,0.06736596
46884.13,46929.75,46884.13,46894.06,1641047760,0.05881175
46931.87,46940.9,46912.61,46912.61,1641047820,0.12638826
46920.56,46939.64,46920.56,46939.64,1641047880,0.00290000
46912.78,46937.28,46908.27,46935.73,1641047940,0.03079000
46977.64,46977.64,46910.78,46910.78,1641048000,2.26536818
46976.57,46976.88,46942.76,46968.48,1641048060,0.01047000
46958.77,46961.83,46940.08,46961.83,1641048120,0.02139858
46960.77,46960.77,46929.95,46957.13,1641048180,0.01446328
46912.5,46972.01,46912.5,46966.44,1641048240,0.02508000
46934.03,46934.03,46927.35,46927.35,1641048300,0.00634000
46935.29,46950.62,46909.99,46909.99,1641048360,0.01532000
46910.67,46932.81,46910.67,46932.81,1641048420,0.00126000
46924.05,46924.05,46920.69,46923.2,1641048480,0.04852906
46893.14,46929.19,46893.14,46925.96,1641048540,0.15386782
46954.81,46968.33,46886.06,46893.51,1641048600,0.35781045
46930.4,46955.18,46930.4,46952.23,1641048660,0.72054804
46934.39,46939.14,46923.3,46939.14,1641048720,0.06584000
46973.54,46973.54,46960.54,46960.54,1641048780,0.00196000
46944.65,46973.89,46944.65,46959.86,1641048840,0.04346201
46959.34,46959.34,46955.71,46955.71,1641048900,0.34021288
46966.25,46966.25,46949.9,46957.58,1641048960,0.02709000
46944.65,46956.24,46944.65,46956.24,1641049020,0.00800000
46946.59,46948.02,46922.08,46935.19,1641049080,0.19375241
46929.43,46947.8,46929.43,46947.8,1641049140,0.01400000
46880.56,46926.58,46880.56,46917.47,1641049200,0.15867397
46898.61,46898.61,46890.95,46893.66,1641049260,0.06269447
46950.19,46950.19,46893.65,46893.65,1641049320,0.21044981
46959.39,46959.39,46927.4,46942.21,1641049380,0.07137472
46963.37,46963.74,46959.34,46959.34,1641049440,0.09144000
46980.58,46989.2,46960.27,46973.89,1641049500,0.20925940
46992.15,47006.17,46981.55,46981.55,1641049560,1.28977712
46998.5,46998.5,46984.27,46984.27,1641049620,0.00570735
46998.75,46998.75,46985.82,46985.82,1641049680,0.00828000
46964.86,46985.26,46964.86,46985.26,1641049740,0.04510054
46959.16,46989.25,46957.54,46977.3,1641049800,0.10307519
46958.99,46958.99,46935.42,46954.12,1641049860,0.01632000
46975.29,46975.29,46960.74,46972.19,1641049920,0.01133000
46962.84,46982.11,46961.63,46981.68,1641049980,0.06180312
46956.96,46983.95,46956.96,46975.39,1641050040,0.01781000
46939.65,46947.2,46922.83,46947.2,1641050100,0.12086497
46982.14,46988.19,46948.54,46948.54,1641050160,0.33024825
46993.5,46996.3,46975.32,46975.32,1641050220,0.03384000
46976.29,46998.3,46975.96,46975.96,1641050280,0.06547000
46959.69,46959.69,46959.68,46959.68,1641050340,0.05040073
46987.2,46987.2,46969.25,46976.59,1641050400,0.00328021
47001.08,47001.08,46987.67,46989.96,1641050460,0.00491370
46991.88,46991.88,46988.78,46988.78,1641050520,0.00693804
46999.85,47000.4,46995.18,46995.18,1641050580,0.03026908
46987.37,47001.67,46987.37,46990.35,1641050640,0.03371111
46996.5,47003.5,46996.5,47003.5,1641050700,0.11787922
47014.1,47014.1,46994.5,46994.5,1641050760,0.05473000
47021.8,47032.53,47021.8,47023.11,1641050820,0.04240000
47010.37,47010.37,47008.61,47008.61,1641050880,0.01412000
47009.95,47027.13,47009.95,47027.13,1641050940,0.00603566
47009.44,47033.47,47009.44,47033.47,1641051000,0.04754000
47034.39,47034.44,47008.13,47016.1,1641051060,0.00820120
47127.22,47127.22,47028.56,47028.56,1641051120,0.99758244
47181.54,47196.57,47162.44,47162.44,1641051180,0.17780854
47319.38,47394.05,47216.07,47216.07,1641051240,9.54843202
47309.06,47339.25,47291.43,47339.25,1641051300,0.09292377
47295.74,47309.06,47254,47309.06,1641051360,0.09261949
47294.7,47316.33,47246.84,47305.8,1641051420,0.65578023
47456.72,47482.72,47288.49,47288.49,1641051480,5.23053468
47365.97,47438.16,47365.97,47438.16,1641051540,0.45908000
47420.17,47420.17,47356.06,47375.35,1641051600,4.75998555
47390.72,47416.26,47388.67,47416.26,1641051660,0.14494787
47413.44,47455.31,47395.73,47395.73,1641051720,0.93661096
47358.06,47402.08,47358.06,47399.11,1641051780,0.11465412
47356.99,47356.99,47339.4,47339.4,1641051840,0.06292789
47378.28,47378.28,47312.24,47339.4,1641051900,0.43790172
47398.4,47404.37,47362.21,47377.55,1641051960,1.12337612
47260.89,47382.63,47260.89,47382.63,1641052020,0.56210643
47229.14,47265.97,47200.7,47238.56,1641052080,0.55040793
47208.89,47235.96,47207.06,47207.06,1641052140,0.30581852
47191.64,47200.24,47146.4,47200.24,1641052200,0.43345153
47203.86,47224.25,47203.86,47206.51,1641052260,0.04756172
47223.2,47271.75,47223.2,47237.43,1641052320,0.04591808
47208.33,47239.34,47208.33,47239.34,1641052380,0.05738000
47203.31,47230.78,47203.31,47224.7,1641052440,0.12389988
47244.2,47244.2,47197.72,47197.72,1641052500,0.04032387
47224.12,47240.56,47178.46,47240.56,1641052560,0.12156018
47211.43,47239.38,47211.43,47232.25,1641052620,0.18277491
47197.21,47218.86,47197.21,47218.86,1641052680,0.00351174
47225.91,47245.54,47214.54,47214.54,1641052740,0.02122458
47318.36,47318.36,47281.24,47281.24,1641052800,0.23693571
47250,47310.42,47250,47297.76,1641052860,0.02310000
47227.1,47262.34,47200.56,47245.68,1641052920,0.02399255
47246.01,47246.01,47246.01,47246.01,1641052980,0.00050000
47265.61,47281.74,47257.12,47281.74,1641053040,0.00658000
47330.99,47330.99,47306.26,47306.26,1641053100,0.27877990
47274.36,47330.99,47274.36,47330.99,1641053160,0.94426669
47301.93,47301.93,47267.37,47274.17,1641053220,0.02792000
47324.28,47339.67,47316.93,47325.58,1641053280,0.11677017
47362.26,47410.57,47336.99,47336.99,1641053340,0.14389765
47386.41,47415.33,47378.53,47380.23,1641053400,5.75922703
47433.23,47469.31,47433.23,47439.1,1641053460,0.06027728
47460.48,47466.78,47434.6,47434.6,1641053520,0.00993000
47426.38,47440.69,47411.21,47424.6,1641053580,0.17325447
47446.1,47446.1,47394.73,47394.73,1641053640,0.26934561
47403.88,47436.44,47391.35,47435.4,1641053700,0.03260908
47400.84,47437.08,47400.84,47401.08,1641053760,0.08005658
47412.46,47412.46,47369.08,47382.55,1641053820,0.10525704
47422.73,47427.66,47397.01,47397.01,1641053880,0.04790264
47390.96,47427.97,47390.96,47427.97,1641053940,0.00708000
47392.16,47422.18,47392.16,47413.3,1641054000,0.12641000
47378.98,47421.79,47376.44,47403.42,1641054060,0.45137909
47387.06,47401.57,47380.2,47385.36,1641054120,0.76244930
47404.17,47417.72,47404.17,47407.78,1641054180,4.01591826
47385.6,47398.7,47385.6,47398.7,1641054240,0.00913000
47395.53,47406.41,47395.53,47406.41,1641054300,0.05081000
47441.1,47441.1,47392.8,47392.8,1641054360,0.00869287
47474.36,47474.36,47440.92,47448.18,1641054420,0.25715891
47448.83,47458.5,47447.51,47447.51,1641054480,0.08959126
47530.88,47548.99,47501,47501,1641054540,3.40110266
47481.19,47511.54,47473.01,47511.54,1641054600,0.09491989
47490.17,47490.17,47478.79,47480.42,1641054660,0.10694075
47467.86,47467.86,47440.44,47440.44,1641054720,0.00196000
47481.64,47481.64,47458.34,47458.34,1641054780,0.00405000
47484.75,47494.6,47475.57,47481.64,1641054840,0.12161851
47499.64,47499.64,47468.37,47468.37,1641054900,0.13826789
47446.33,47497.06,47445.37,47497.06,1641054960,0.55163323
47442.05,47449.26,47438.07,47449.26,1641055020,0.10892542
47434.73,47439.37,47407.83,47439.37,1641055080,0.02658399
47445.12,47445.12,47421.51,47444.99,1641055140,0.08019647
47412.64,47450.5,47412.64,47445.03,1641055200,0.29910784
47419.71,47434.27,47418.23,47418.23,1641055260,0.06211908
47450.79,47465.8,47450.79,47460.6,1641055320,0.15081468
47446.13,47462.09,47446.13,47462.09,1641055380,0.09062702
47447.62,47447.62,47447.62,47447.62,1641055440,0.00800000
47475.82,47475.82,47464.38,47469.06,1641055500,0.01164000
47446.97,47458.77,47446.97,47458.77,1641055560,0.10307326
47372.64,47438.18,47372.64,47438.18,1641055620,0.42402782
47372.65,47389.39,47372.65,47374.19,1641055680,0.00951503
47375.5,47380.07,47356.91,47377.16,1641055740,0.13670721
47378.49,47378.49,47363.27,47364.56,1641055800,0.09066864
47390.34,47390.34,47375.7,47375.7,1641055860,0.07853000
47349.38,47369.56,47317.87,47369.56,1641055920,0.79809047
47344.17,47344.17,47344.17,47344.17,1641055980,0.01400000
47296.22,47341.55,47296.22,47327.53,1641056040,0.00703000
47313.9,47316.98,47275.7,47275.7,1641056100,0.03030823
47281.9,47311.74,47281.9,47310,1641056160,0.12958307
47299.12,47299.12,47280.12,47280.12,1641056220,0.04119000
47296.13,47299.12,47277.99,47280.19,1641056280,0.27583549
47280.62,47298.78,47280.62,47298.78,1641056340,0.34167380
47339.37,47356.82,47299.12,47299.12,1641056400,0.60723991
47343.44,47358.47,47328.67,47347.54,1641056460,0.61008180
47335.32,47348.39,47320,47348.39,1641056520,0.07950536
47356.85,47356.85,47335.32,47335.32,1641056580,0.03100618
47354.89,47358.04,47337.58,47337.58,1641056640,0.30897447
47340.92,47374.83,47340.92,47354.89,1641056700,0.31489058
47342.36,47364.89,47340.61,47364.89,1641056760,0.49005716
47307.73,47325.96,47302.2,47321.36,1641056820,0.82368338
47311.69,47311.69,47311.69,47311.69,1641056880,0.00369023
47304.19,47304.19,47278.56,47287.82,1641056940,0.02995000
47299.57,47316.01,47298.19,47316.01,1641057000,0.10320669
47271.76,47271.76,47271.76,47271.76,1641057060,0.00050000
47276.95,47289.46,47275.61,47289.46,1641057120,0.00739000
47260.18,47281.84,47260.18,47276.95,1641057180,0.10175777
47269.46,47275.26,47269.46,47274.55,1641057240,0.00886000
47281.31,47281.31,47264.08,47264.08,1641057300,0.05929000
47266.55,47292.61,47266.55,47283.95,1641057360,0.08878012
47291.37,47291.37,47280.05,47280.05,1641057420,0.00206000
47300.08,47300.08,47292.61,47292.61,1641057480,0.00566495
47302.74,47302.74,47292,47292,1641057540,0.08250764
47259.71,47303.55,47259.71,47295.49,1641057600,0.16985366
47274.79,47302.11,47273.45,47297.64,1641057660,0.01107045
47280.57,47289.65,47280.57,47289.65,1641057720,0.07723000
47271.7,47282.91,47271.7,47281.82,1641057780,0.02835580
47269.51,47296.84,47269.51,47277.68,1641057840,6.61714760
47297.67,47297.67,47267.5,47279.91,1641057900,0.11616155
47352.74,47352.74,47297.67,47297.67,1641057960,0.03641971
47322.22,47322.22,47317.26,47317.26,1641058020,0.00510000
47337.77,47349.49,47329.82,47349.49,1641058080,0.23635612
47363.07,47363.07,47349.11,47353.32,1641058140,0.12637438
47358.33,47358.33,47349.58,47349.58,1641058200,0.01401000
47416.67,47416.67,47356.98,47356.98,1641058260,0.25245970
47422.67,47422.67,47394.44,47415.26,1641058320,1.11840719
47442.91,47446.1,47424.97,47424.97,1641058380,0.01392985
47471.81,47471.81,47446.1,47446.1,1641058440,0.04245000
47454.98,47463.75,47418.74,47463.75,1641058500,0.03454438
47493.42,47500.31,47453.17,47453.17,1641058560,0.02275997
47497.16,47520.02,47497.16,47500.31,1641058620,0.01495105
47668.97,47759.95,47520.02,47520.02,1641058680,18.47472468
47781.18,47781.81,47624.01,47624.01,1641058740,0.27118117
47846.08,47846.08,47784.54,47784.54,1641058800,3.79781237
47844.9,47869,47828.78,47846.08,1641058860,0.14215555
47904.12,47919,47871.68,47875,1641058920,3.31502283
47869.36,47913.83,47845.02,47853.73,1641058980,1.78800319
47920.66,47920.66,47835.55,47869.44,1641059040,1.13587137
47929.01,47960.98,47886.13,47886.13,1641059100,4.82592695
47880.32,47920.81,47880.32,47920.51,1641059160,0.32379853
47901.26,47901.26,47890.02,47890.02,1641059220,0.01611000
47865.16,47879.47,47854.25,47874.74,1641059280,0.15302598
47803.91,47817.94,47761.65,47817.94,1641059340,0.00794000
47792.6,47808.14,47770.3,47777.79,1641059400,1.34818949
47801.49,47801.49,47776.57,47792.6,1641059460,0.16122975
47838.18,47862.43,47835.35,47846.08,1641059520,0.12063000
47802.04,47849.5,47802.04,47849.5,1641059580,0.43518000
47789.9,47819.01,47789.9,47810.41,1641059640,0.05374210
47758.42,47808.68,47758.42,47808.68,1641059700,0.03383190
47709.86,47758.42,47706.57,47758.42,1641059760,0.36933929
47723.9,47723.9,47687.75,47712.77,1641059820,0.16891594
47765.72,47765.72,47725.7,47725.7,1641059880,0.19275070
47777.11,47783.92,47756.38,47761.07,1641059940,0.39589637
47783.76,47812.45,47781.22,47810.18,1641060000,0.07934611
47732.39,47782.23,47732.39,47782.23,1641060060,0.04629000
47744.57,47764.85,47706,47726.48,1641060120,0.94719039
47751.64,47751.64,47749.06,47749.06,1641060180,0.00236000
47723.04,47723.04,47723.04,47723.04,1641060240,0.01008000
47749.6,47749.6,47716.53,47716.53,1641060300,0.00587000
47795.94,47795.94,47744.29,47744.29,1641060360,0.07593857
47786.25,47786.25,47764.36,47768.89,1641060420,0.00560000
47774.78,47799.56,47774.78,47779.56,1641060480,0.31935762
47816.28,47816.28,47782.23,47800,1641060540,5.22202748
47781.78,47853.95,47781.78,47816.03,1641060600,0.30232284
47831.63,47831.63,47783.37,47801.68,1641060660,0.10075734
47776.86,47813.1,47776.86,47813.1,1641060720,0.24255203
47767.1,47779.74,47764.87,47779.74,1641060780,0.00478022
47757.57,47757.57,47753.44,47754.23,1641060840,0.18369055
47783.1,47783.1,47762.61,47762.61,1641060900,0.10512303
47776.64,47777.53,47756.04,47777.53,1641060960,0.02374313
47713.04,47736.69,47713.04,47734.14,1641061020,0.19938232
47710.67,47713.04,47710.67,47713.04,1641061080,0.19236916
47685.62,47714.81,47672.28,47709.89,1641061140,1.06757906
47732.27,47732.27,47692.03,47692.03,1641061200,0.00436000
47706.38,47713.21,47687.87,47687.87,1641061260,0.07930050
47706.55,47717.21,47703.71,47717.21,1641061320,0.01475000
47723.16,47723.16,47708.18,47708.18,1641061380,0.00703000
47717.27,47717.27,47701.77,47716.89,1641061440,0.02478000
47701.27,47718.28,47701.27,47718.28,1641061500,0.01609000
47664.66,47700.87,47664.66,47700.87,1641061560,0.04974521
47632.86,47653.11,47620.03,47653.11,1641061620,0.21377382
47673.8,47673.8,47649.97,47649.97,1641061680,0.00685000
47662.62,47662.62,47639.3,47645.29,1641061740,0.22738715
47650,47653.59,47649.57,47653.59,1641061800,0.06912000
47651.29,47662.96,47649.89,47662.54,1641061860,0.14386985
47560,47655.8,47560,47655.8,1641061920,2.63245901
47503.03,47585.98,47503.03,47552.4,1641061980,0.70152077
47475.33,47528.13,47471.53,47517.22,1641062040,1.63271386
47481.48,47533.27,47443.72,47503.49,1641062100,0.97495557
47494.66,47514.77,47479.04,47479.04,1641062160,0.14681000
47524.33,47534.05,47524.33,47534.05,1641062220,0.02352000
47508.46,47522.34,47473.33,47500.85,1641062280,0.92905751
47494.9,47529.41,47487.43,47529.41,1641062340,0.09351000
47519.65,47519.65,47506.63,47506.63,1641062400,0.02338000
47540.63,47549.06,47531.39,47531.39,1641062460,0.03902344
47540.63,47540.63,47540.63,47540.63,1641062520,0.00000000
47516,47517.52,47504.64,47517.11,1641062580,0.06078728
47483.56,47504.64,47478.79,47497.95,1641062640,0.01674359
47479.97,47500.73,47440.47,47493.49,1641062700,0.33497125
47523.57,47523.57,47505.72,47505.72,1641062760,0.01579000
47546.3,47546.3,47523.94,47523.94,1641062820,0.00457700
47529.92,47549.06,47504.46,47549.06,1641062880,0.26664704
47535.79,47537.35,47522.21,47537.35,1641062940,0.05280713
47547.4,47549.06,47522.35,47527.53,1641063000,0.04008000
47547.4,47547.4,47545.07,47547.4,1641063060,0.01021000
47533.32,47569.13,47533.32,47547.4,1641063120,0.94947317
47554.14,47554.14,47541.25,47552.36,1641063180,0.02832848
47518.88,47555.45,47504.03,47555.45,1641063240,0.14155390
47592.29,47592.29,47509.09,47509.09,1641063300,2.08281153
47634.01,47634.01,47591.03,47604.16,1641063360,0.12147738
47617.23,47648.28,47617.23,47648.28,1641063420,0.01354000
47560.39,47631.32,47560.39,47626.39,1641063480,0.17162526
47587.72,47587.72,47562.64,47562.64,1641063540,0.01142538
47617.47,47617.47,47609.27,47609.27,1641063600,0.18048582
47617.05,47618.25,47601.62,47614.19,1641063660,0.03512000
47576.01,47614.61,47576.01,47614.61,1641063720,0.05973817
47615,47615.33,47605.83,47605.83,1641063780,0.00747000
47603.22,47603.22,47603.22,47603.22,1641063840,0.00202000
47640.11,47640.11,47605.37,47605.37,1641063900,0.17944000
47640.11,47640.11,47640.11,47640.11,1641063960,0.00000000
47618.68,47618.68,47618.68,47618.68,1641064020,0.00114000
47566.51,47605.16,47557.8,47603.88,1641064080,0.17396149
47537.21,47566.42,47537.21,47547.56,1641064140,0.24164000
47572.52,47577.55,47546.12,47546.12,1641064200,0.04672978
47530.57,47542.62,47530.57,47542.62,1641064260,0.00291000
47548.6,47548.6,47532.27,47532.27,1641064320,0.01542000
47507.38,47548.6,47507.38,47548.6,1641064380,1.31998301
47521.62,47525.87,47521.62,47525.87,1641064440,0.19664028
47449.17,47535.94,47449.17,47527.48,1641064500,1.13792105
47480.06,47491.35,47463.03,47471.53,1641064560,0.03127000
47474.22,47474.22,47463.46,47472.46,1641064620,0.46000000
47454.95,47474.65,47453.62,47457.85,1641064680,0.11659494
47481.59,47485.92,47460.2,47473.9,1641064740,0.66155933
47484.05,47484.05,47464.61,47464.61,1641064800,0.22304000
47482.85,47487.72,47482.85,47487.72,1641064860,0.01924000
47471.57,47496.99,47471.57,47495.36,1641064920,0.24432873
47460.69,47464.34,47455.08,47464.34,1641064980,0.00740000
47393.78,47446.16,47360,47444.18,1641065040,0.01763369
47394.67,47413.08,47379.34,47379.34,1641065100,0.05057720
47414.78,47432,47391.29,47413.08,1641065160,0.19283909
47414.78,47414.78,47414.78,47414.78,1641065220,0.00000000
47388.37,47413.74,47376.75,47413.74,1641065280,0.56873260
47378.28,47405.27,47366,47388.37,1641065340,0.14799574
47416.03,47416.04,47401.74,47401.74,1641065400,0.01830000
47393.73,47423.18,47391.69,47413.81,1641065460,0.73655846
47374.12,47395.77,47358.19,47395.77,1641065520,0.16864006
47358.69,47381.55,47358.69,47381.55,1641065580,0.00253000
47359.42,47388.56,47358.75,47384.02,1641065640,0.01872000
47360.35,47378.15,47340,47378.15,1641065700,0.10430559
47378.5,47378.5,47358.17,47366.9,1641065760,0.02824000
47365.18,47385.9,47353.52,47385.9,1641065820,0.65481755
47315.63,47368.17,47315.63,47368.17,1641065880,0.05250136
47343.22,47349.23,47326.27,47326.27,1641065940,0.12644345
47343.22,47351.98,47343.22,47345.68,1641066000,0.02003000
47328.24,47356.05,47321.31,47353.14,1641066060,0.02150912
47358.83,47358.83,47305.95,47328.82,1641066120,0.34999000
47365.24,47383.34,47365.24,47383.34,1641066180,0.00283000
47347.42,47378.77,47320.82,47378.77,1641066240,0.12902264
47328.83,47345.26,47324.82,47345.26,1641066300,0.01248634
47333.19,47333.19,47328.83,47328.83,1641066360,0.09347222
47313.68,47345.5,47313.68,47344.1,1641066420,0.05200837
47325.62,47325.62,47301,47301,1641066480,0.14199712
47329.75,47329.75,47322.01,47322.01,1641066540,0.56146000
47360.57,47360.57,47344.99,47344.99,1641066600,0.00205000
47340.66,47360.57,47340.66,47360.57,1641066660,0.10686179
47334.27,47343.66,47334.27,47343.66,1641066720,0.00170000
47314.61,47338.92,47314.61,47334.27,1641066780,0.17690590
47329.53,47329.53,47329.53,47329.53,1641066840,0.00166000
47346.14,47346.14,47328.77,47329.72,1641066900,0.10225000
47330.76,47365.68,47319.16,47349.71,1641066960,0.12895332
47359.57,47369.77,47358.46,47358.46,1641067020,0.00490000
47339.01,47359.75,47339.01,47359.75,1641067080,0.11128684
47350.03,47354.79,47350.03,47354.79,1641067140,0.00722000
47350.03,47358.52,47350.03,47350.03,1641067200,0.06174900
47346.12,47354.38,47346.12,47354.37,1641067260,0.39449815
47344.93,47344.93,47334.51,47334.51,1641067320,0.00615363
47321.77,47322.49,47315.52,47322.49,1641067380,0.11285894
47321.65,47321.76,47321.65,47321.76,1641067440,0.00240000
47350.37,47374.53,47333.83,47333.83,1641067500,0.13591000
47357.93,47357.93,47352.16,47352.16,1641067560,0.00433000
47361.78,47362.99,47358.49,47362.95,1641067620,0.01408000
47361.55,47361.55,47346.57,47353.41,1641067680,0.03639000
47369.14,47369.14,47362.99,47363.08,1641067740,0.06190000
47349.12,47349.12,47320.75,47348.24,1641067800,0.06094000
47334.43,47339.2,47334.43,47339.2,1641067860,0.00235000
47325.96,47347.88,47325.96,47347.88,1641067920,0.01252000
47329.05,47335.46,47322.78,47322.78,1641067980,0.01261000
47344.98,47344.98,47340.24,47340.24,1641068040,0.00655000
47285.78,47318.32,47260,47318.32,1641068100,0.44820495
47309.33,47309.33,47283.74,47283.74,1641068160,0.09877970
47324.34,47324.34,47295.6,47309.34,1641068220,0.40132960
47349.61,47359.09,47301.75,47303.22,1641068280,0.53419530
47356.8,47356.8,47356.8,47356.8,1641068340,0.00042127
47353.24,47353.25,47342.75,47348.04,1641068400,0.15899794
47379.24,47379.24,47329.1,47352.28,1641068460,0.38527892
47370.71,47371.54,47370.71,47371.53,1641068520,0.01171000
47384.04,47384.04,47370.71,47370.71,1641068580,0.12222703
47416.15,47416.15,47393.05,47393.05,1641068640,1.69611078
47412.16,47454.96,47412.16,47434.09,1641068700,0.08484000
47409.05,47409.05,47400.52,47401.72,1641068760,0.10563322
47402.41,47402.41,47402.41,47402.41,1641068820,0.00316000
47418.59,47418.59,47416.58,47416.58,1641068880,0.01500000
47443.89,47447.87,47425.92,47425.92,1641068940,0.01171000
47538.07,47544.62,47435.8,47435.8,1641069000,2.89908388
47550,47550,47525.28,47534.37,1641069060,0.77794618
47534.21,47581.25,47518.73,47549.89,1641069120,1.30681895
47539.66,47554.84,47539.66,47554.84,1641069180,0.01862000
47559.15,47559.15,47548.33,47548.33,1641069240,0.00275000
47539.84,47539.84,47527.15,47534.91,1641069300,0.11853489
47527.65,47576.15,47527.65,47539.84,1641069360,0.35596000
47508.56,47541.13,47487.7,47541.13,1641069420,0.16355000
47475.76,47502.42,47468.2,47502.42,1641069480,0.22001379
47470.65,47486.78,47470.65,47481.37,1641069540,0.03208000
47462.88,47462.9,47448.4,47452.67,1641069600,0.25610119
47441.45,47445.08,47441.36,47441.36,1641069660,0.13046000
47418.36,47436.59,47418.36,47436.59,1641069720,0.05343972
47434.01,47434.01,47434.01,47434.01,1641069780,0.00118000
47434.01,47437.92,47417.96,47434.7,1641069840,0.00763000
47453.92,47455.9,47429.42,47429.42,1641069900,0.00502000
47471.23,47471.23,47439.9,47453.92,1641069960,0.91271402
47483,47490.87,47443.36,47470.34,1641070020,2.13134176
47434.52,47475.42,47434.52,47475.42,1641070080,0.83018456
47426.72,47442.99,47426.72,47442.99,1641070140,0.06705000
47410.54,47414.97,47410.54,47414.97,1641070200,0.04703000
47381.04,47396.78,47381.04,47396.78,1641070260,0.24550172
47410.08,47410.61,47386.81,47386.81,1641070320,0.01950000
47409.8,47410.61,47396.27,47410.61,1641070380,0.05992920
47406.23,47406.23,47384.13,47384.13,1641070440,0.00345147
47425.52,47425.52,47408.32,47410.61,1641070500,0.04868143
47427.01,47427.01,47416.59,47425.38,1641070560,0.06165376
47424.69,47443.42,47424.69,47443.42,1641070620,0.01235000
47443.7,47444.18,47428.95,47444.18,1641070680,0.01568140
47426.66,47426.66,47426.66,47426.66,1641070740,0.00050000
47443.87,47443.87,47443.87,47443.87,1641070800,0.00053000
47431.2,47443.87,47424.75,47443.87,1641070860,0.02456368
47411.76,47423.4,47411.76,47423.4,1641070920,2.27926448
47400.9,47400.9,47393.69,47393.69,1641070980,0.45863000
47407.89,47407.89,47402.09,47402.09,1641071040,0.09829000
47427,47428.63,47421.02,47421.02,1641071100,0.01168000
47428.63,47428.63,47406.77,47410.4,1641071160,0.07637000
47420.56,47438.43,47420.56,47438.43,1641071220,0.08758059
47414.28,47419.46,47414.28,47419.46,1641071280,0.00164000
47423.36,47429.53,47423.36,47424.99,1641071340,0.00808000
47423.41,47423.41,47420.06,47420.06,1641071400,0.02487000
47452.02,47452.02,47421.5,47421.5,1641071460,0.04474000
47453.48,47453.48,47441.1,47453.35,1641071520,0.00338000
47468.97,47468.97,47468.17,47468.17,1641071580,0.01353000
47555.32,47555.32,47463.04,47470.14,1641071640,1.85557433
47522.62,47537.29,47504.52,47537.29,1641071700,0.23204717
47553.3,47556,47522.62,47522.62,1641071760,0.04214000
47512.72,47558,47512.72,47554.16,1641071820,0.18914216
47517.52,47521.59,47517.52,47521.59,1641071880,0.00453000
47478.57,47514.61,47463.62,47514.61,1641071940,0.02148003
47445.54,47448.84,47439.85,47448.84,1641072000,0.04267467
47474.68,47476.25,47442.35,47442.35,1641072060,0.04124000
47436.62,47474.37,47436.62,47474.37,1641072120,0.01464794
47461.36,47470.71,47459.14,47459.14,1641072180,0.01038025
47440.27,47461.92,47436.13,47461.92,1641072240,0.01578111
47429.03,47439.53,47417.08,47432.52,1641072300,0.22319000
47406.46,47433.03,47406.46,47432.64,1641072360,0.06412000
47389.86,47408.94,47389.86,47408.94,1641072420,0.00536000
47384.05,47387.64,47366.65,47387.64,1641072480,0.10205000
47377.62,47387.78,47368,47368,1641072540,0.06129000
47390.94,47390.94,47390.94,47390.94,1641072600,0.00123879
47381.41,47381.41,47361.48,47374.79,1641072660,0.03148991
47418.61,47456.53,47388.74,47388.74,1641072720,2.42821558
47465.78,47471,47460.7,47462.9,1641072780,0.03202000
47448.18,47470.57,47421.04,47470.57,1641072840,0.28623222
47472.59,47472.59,47419.55,47444.97,1641072900,0.83880958
47503.31,47503.31,47503.31,47503.31,1641072960,0.01031000
47489.56,47496.64,47483.26,47483.26,1641073020,0.00590255
47473.97,47489.56,47461.85,47489.56,1641073080,0.01402000
47462.82,47473.97,47462.82,47473.97,1641073140,0.01501000
47469.76,47469.76,47458.53,47458.53,1641073200,0.00103000
47466.93,47466.93,47465.01,47465.01,1641073260,0.01261000
47474.72,47474.72,47428.24,47452.67,1641073320,1.41412514
47482.45,47482.45,47475,47475,1641073380,0.01185000
47487.73,47487.73,47483.44,47483.44,1641073440,0.01050000
47482.49,47493.82,47460.29,47460.29,1641073500,0.44965937
47451.81,47465.25,47448.61,47465.25,1641073560,0.10762000
47403.36,47442.29,47403.36,47440.82,1641073620,0.00760000
47320,47416.56,47320,47402.32,1641073680,0.81204919
47326.34,47326.34,47289.44,47294.84,1641073740,0.10734000
47313.12,47313.12,47296.33,47296.33,1641073800,0.02703000
47306.3,47313.12,47301.78,47313.12,1641073860,0.01106000
47315.24,47315.24,47285.01,47285.01,1641073920,0.18908000
47303.14,47310.47,47303.06,47303.06,1641073980,1.05149000
47314.48,47314.48,47312.7,47313.71,1641074040,0.00206173
47295.53,47297.87,47295.53,47297.87,1641074100,0.19886056
47346.86,47346.86,47330.49,47330.49,1641074160,0.01038985
47305.35,47340.22,47305.35,47340.22,1641074220,0.01224000
47333.09,47333.09,47323.7,47323.7,1641074280,0.00492000
47309.72,47327.51,47305.74,47327.51,1641074340,0.13332135
47362.63,47362.63,47342.13,47342.13,1641074400,0.26072310
47335.53,47368.47,47335.53,47368.47,1641074460,0.01514897
47369.41,47379.15,47351.53,47351.53,1641074520,0.12293372
47387.67,47387.67,47369.41,47369.41,1641074580,1.57368768
47370.69,47372.35,47360,47369.86,1641074640,0.02979879
47384.89,47384.89,47367.87,47367.87,1641074700,0.13401449
47374.06,47374.06,47370.49,47370.49,1641074760,0.01158000
47347.66,47362.49,47343.84,47362.49,1641074820,0.02236969
47321.2,47337.53,47315.55,47315.55,1641074880,0.12254000
47349.66,47355.65,47332.99,47338.46,1641074940,0.25131640
47334.01,47335.94,47319.77,47335.94,1641075000,0.17516801
47341.04,47349.66,47326.12,47332.44,1641075060,0.22458632
47281.68,47328.3,47229.86,47321.7,1641075120,1.47681972
47276.73,47291.29,47276.73,47284.03,1641075180,0.01515771
47303,47303,47271.96,47276.73,1641075240,0.43309060
47294.44,47294.44,47266.09,47266.09,1641075300,0.02978719
47300.9,47312.39,47300.9,47312.39,1641075360,0.01756000
47300.9,47300.9,47300.9,47300.9,1641075420,0.00749000
47303.66,47326.58,47302.06,47302.06,1641075480,1.66523327
47320.59,47320.59,47314.03,47314.03,1641075540,0.03436367
47309.09,47314.72,47293.6,47314.72,1641075600,0.03308995
47302.14,47309.09,47274.17,47309.09,1641075660,0.26774679
47310.74,47314.08,47310.74,47312.94,1641075720,4.61305961
47304.66,47310.74,47304.66,47310.74,1641075780,0.19918368
47326.61,47326.61,47305.88,47305.88,1641075840,0.45734860
47368.32,47368.32,47322.67,47327.98,1641075900,0.32116063
47407.3,47407.3,47369.95,47369.95,1641075960,0.01656969
47433,47433,47401.46,47414.18,1641076020,0.11164422
47389.84,47444.1,47389.84,47408.16,1641076080,2.73351727
47419.44,47419.44,47409.55,47409.55,1641076140,0.00226000
47419.21,47419.44,47419.21,47419.44,1641076200,0.02784000
47415.1,47416.39,47413.4,47414.99,1641076260,0.01474956
47404.5,47404.5,47404.5,47404.5,1641076320,0.00294000
47384.53,47404.5,47384.53,47404.5,1641076380,0.21134842
47410.07,47410.07,47410.07,47410.07,1641076440,0.00185000
47433.43,47433.43,47407.26,47407.26,1641076500,0.01198985
47469.83,47469.83,47448.48,47467.65,1641076560,0.00442000
47469.83,47469.83,47469.83,47469.83,1641076620,0.00000000
47490.39,47490.39,47469.83,47469.83,1641076680,0.20398464
47483.75,47494.31,47483.75,47490.4,1641076740,0.17075997
47482.83,47482.83,47471.31,47471.31,1641076800,0.09408000
47463.93,47473.38,47463.93,47473.38,1641076860,0.02686000
47467.78,47467.78,47450.49,47464.46,1641076920,0.09692014
47465.93,47467.78,47448.89,47448.89,1641076980,0.34834479
47470.99,47470.99,47447.51,47447.51,1641077040,0.24538611
47486.29,47486.29,47455.17,47477.59,1641077100,0.40486216
47513.79,47513.79,47466.77,47466.77,1641077160,0.74198740
47501.39,47501.39,47494.59,47496.59,1641077220,0.04786333
47501.22,47503.34,47501.22,47503.34,1641077280,0.00147000
47489.82,47495.33,47464.87,47464.87,1641077340,1.19040112
47508.7,47508.7,47508.7,47508.7,1641077400,0.04224940
47487.4,47488.99,47487.4,47488.99,1641077460,0.01000000
47454.08,47456.3,47450.39,47450.39,1641077520,0.00334000
47414.31,47426.78,47414.31,47417.33,1641077580,0.00264000
47481.73,47481.73,47481.73,47481.73,1641077640,0.00195000
47471.1,47471.1,47471.1,47471.1,1641077700,0.06274000
47430.52,47430.52,47430.52,47430.52,1641077760,0.00380700
47467.49,47487.16,47458.51,47458.51,1641077820,0.10224344
47448.24,47461.46,47448.24,47458.53,1641077880,0.12595000
47444.72,47444.72,47444.72,47444.72,1641077940,0.00516000
47457.19,47473.26,47448.24,47473.26,1641078000,0.02210410
47363.64,47426.42,47363.64,47421.89,1641078060,0.40756677
47361.24,47361.24,47348.95,47354.4,1641078120,0.00947000
47312.65,47346.77,47312.65,47346.77,1641078180,0.20415995
47328.23,47369.29,47289.15,47369.18,1641078240,0.23432135
47323.47,47342.38,47323.47,47342.38,1641078300,0.00718000
47416.78,47418.84,47396.36,47396.36,1641078360,0.06527455
47415.71,47415.71,47399.97,47407.37,1641078420,0.10365000
47410.64,47438.2,47404.36,47404.36,1641078480,0.10901000
47396.13,47426.3,47388.02,47426.3,1641078540,0.05106812
47423.93,47423.93,47400.37,47400.37,1641078600,0.01804000
47371.21,47371.21,47371.21,47371.21,1641078660,0.00136000
47423.78,47423.78,47377.63,47377.63,1641078720,0.07474000
47386.73,47396.29,47386.73,47396.29,1641078780,0.00165000
47348.27,47383.64,47348.27,47371.17,1641078840,0.14985012
47365.23,47368.9,47356.12,47368.9,1641078900,0.07656000
47394.14,47394.14,47360.05,47360.05,1641078960,0.17198870
47406.63,47406.63,47389.39,47389.39,1641079020,0.00781000
47425.08,47434.66,47425.08,47434.66,1641079080,0.03854000
47449.08,47454.09,47433.74,47433.74,1641079140,1.73542303
47425.3,47425.36,47425.09,47425.09,1641079200,0.00159000
47385.21,47419.27,47385.21,47419.27,1641079260,0.05853000
47375.36,47393.07,47364.53,47393.07,1641079320,0.06107368
47396.97,47402.23,47387.97,47387.97,1641079380,0.02706000
47400.23,47420.48,47400.23,47420.48,1641079440,0.00473701
47491.91,47491.91,47481.27,47481.27,1641079500,0.04261000
47477.99,47477.99,47460.21,47460.21,1641079560,0.00196000
47439.86,47498.23,47439.86,47488.59,1641079620,0.01271432
47453.21,47458.2,47445.78,47446.58,1641079680,0.21578570
47467.41,47467.41,47467.41,47467.41,1641079740,0.00185000
47435.29,47435.29,47434.98,47434.98,1641079800,0.03852000
47423.2,47434.97,47421.32,47421.32,1641079860,0.01400000
47431.4,47434.97,47379.99,47411.31,1641079920,0.16156123
47467.24,47471.93,47457.08,47457.08,1641079980,0.12298000
47495.73,47503.76,47460.09,47460.09,1641080040,0.57795514
47533.1,47559.8,47495.73,47510.09,1641080100,4.21300073
47571.74,47599,47543.7,47543.7,1641080160,1.11989977
47569.87,47612.81,47567.07,47612.81,1641080220,0.27743548
47572.3,47579.71,47572.3,47579.71,1641080280,0.01233000
47549.53,47572.3,47549.53,47572.3,1641080340,0.02098137
47545.09,47561.21,47537.38,47561.21,1641080400,0.01009000
47543.99,47543.99,47527.6,47543.39,1641080460,0.15971681
47558.1,47558.16,47544.01,47544.01,1641080520,0.01624000
47566.68,47596.16,47546.08,47546.08,1641080580,1.12733324
47515.26,47551.6,47515.26,47540,1641080640,0.02250824
47539.42,47554.9,47517.1,47517.1,1641080700,0.10845096
47543.57,47549.38,47530.06,47545.04,1641080760,0.09663000
47583.61,47593.61,47557.05,47557.1,1641080820,0.24536030
47581.31,47593.41,47573.41,47573.41,1641080880,0.06352419
47594.67,47594.67,47578.81,47579.2,1641080940,0.02353000
47587.37,47587.37,47583.85,47583.85,1641081000,0.86741025
47576.91,47578.83,47576.91,47578.83,1641081060,0.00380218
47565.72,47568.05,47565.72,47567.1,1641081120,0.03447000
47570.05,47570.05,47549.27,47549.27,1641081180,0.00930904
47714.16,47833.48,47578.8,47578.8,1641081240,5.56139483
47730.18,47774.97,47671.54,47685.8,1641081300,2.25198890
47752.86,47752.86,47717.66,47747.43,1641081360,0.75664071
47794.54,47802.61,47762.97,47762.97,1641081420,0.21642859
47751.88,47793.87,47751.88,47789.33,1641081480,0.09005223
47777.42,47777.42,47732.79,47732.79,1641081540,0.00329000
47768.61,47784.94,47738,47745.25,1641081600,0.05407967
